cat01_code,男女別・性比,cat02_code,人口,area_code,全国・都道府県,time_code,時間軸（年月日現在）,unit,value,annotation
1,男女計,1,総人口,0,全国,1301,2021年10月1日現在,千人,125502.0,
1,男女計,1,総人口,0,全国,1701,2022年10月1日現在,千人,124947.0,
1,男女計,1,総人口,0,全国,1801,2023年10月1日現在,千人,124352.0,
1,男女計,1,総人口,0,全国,1901,2024年10月1日現在,千人,123802.0,
1,男女計,1,総人口,1000,北海道,1301,2021年10月1日現在,千人,5183.0,
1,男女計,1,総人口,1000,北海道,1701,2022年10月1日現在,千人,5140.0,
1,男女計,1,総人口,1000,北海道,1801,2023年10月1日現在,千人,5092.0,
1,男女計,1,総人口,1000,北海道,1901,2024年10月1日現在,千人,5043.0,
1,男女計,1,総人口,2000,青森県,1301,2021年10月1日現在,千人,1221.0,
1,男女計,1,総人口,2000,青森県,1701,2022年10月1日現在,千人,1204.0,
1,男女計,1,総人口,2000,青森県,1801,2023年10月1日現在,千人,1184.0,
1,男女計,1,総人口,2000,青森県,1901,2024年10月1日現在,千人,1165.0,
1,男女計,1,総人口,3000,岩手県,1301,2021年10月1日現在,千人,1196.0,
1,男女計,1,総人口,3000,岩手県,1701,2022年10月1日現在,千人,1181.0,
1,男女計,1,総人口,3000,岩手県,1801,2023年10月1日現在,千人,1163.0,
1,男女計,1,総人口,3000,岩手県,1901,2024年10月1日現在,千人,1145.0,
1,男女計,1,総人口,4000,宮城県,1301,2021年10月1日現在,千人,2290.0,
1,男女計,1,総人口,4000,宮城県,1701,2022年10月1日現在,千人,2280.0,
1,男女計,1,総人口,4000,宮城県,1801,2023年10月1日現在,千人,2264.0,
1,男女計,1,総人口,4000,宮城県,1901,2024年10月1日現在,千人,2248.0,
1,男女計,1,総人口,5000,秋田県,1301,2021年10月1日現在,千人,945.0,
1,男女計,1,総人口,5000,秋田県,1701,2022年10月1日現在,千人,930.0,
1,男女計,1,総人口,5000,秋田県,1801,2023年10月1日現在,千人,914.0,
1,男女計,1,総人口,5000,秋田県,1901,2024年10月1日現在,千人,897.0,
1,男女計,1,総人口,6000,山形県,1301,2021年10月1日現在,千人,1055.0,
1,男女計,1,総人口,6000,山形県,1701,2022年10月1日現在,千人,1041.0,
1,男女計,1,総人口,6000,山形県,1801,2023年10月1日現在,千人,1026.0,
1,男女計,1,総人口,6000,山形県,1901,2024年10月1日現在,千人,1011.0,
1,男女計,1,総人口,7000,福島県,1301,2021年10月1日現在,千人,1812.0,
1,男女計,1,総人口,7000,福島県,1701,2022年10月1日現在,千人,1790.0,
1,男女計,1,総人口,7000,福島県,1801,2023年10月1日現在,千人,1767.0,
1,男女計,1,総人口,7000,福島県,1901,2024年10月1日現在,千人,1743.0,
1,男女計,1,総人口,8000,茨城県,1301,2021年10月1日現在,千人,2852.0,
1,男女計,1,総人口,8000,茨城県,1701,2022年10月1日現在,千人,2840.0,
1,男女計,1,総人口,8000,茨城県,1801,2023年10月1日現在,千人,2825.0,
1,男女計,1,総人口,8000,茨城県,1901,2024年10月1日現在,千人,2806.0,
1,男女計,1,総人口,9000,栃木県,1301,2021年10月1日現在,千人,1921.0,
1,男女計,1,総人口,9000,栃木県,1701,2022年10月1日現在,千人,1909.0,
1,男女計,1,総人口,9000,栃木県,1801,2023年10月1日現在,千人,1897.0,
1,男女計,1,総人口,9000,栃木県,1901,2024年10月1日現在,千人,1885.0,
1,男女計,1,総人口,10000,群馬県,1301,2021年10月1日現在,千人,1927.0,
1,男女計,1,総人口,10000,群馬県,1701,2022年10月1日現在,千人,1913.0,
1,男女計,1,総人口,10000,群馬県,1801,2023年10月1日現在,千人,1902.0,
1,男女計,1,総人口,10000,群馬県,1901,2024年10月1日現在,千人,1890.0,
1,男女計,1,総人口,11000,埼玉県,1301,2021年10月1日現在,千人,7340.0,
1,男女計,1,総人口,11000,埼玉県,1701,2022年10月1日現在,千人,7337.0,
1,男女計,1,総人口,11000,埼玉県,1801,2023年10月1日現在,千人,7331.0,
1,男女計,1,総人口,11000,埼玉県,1901,2024年10月1日現在,千人,7332.0,
1,男女計,1,総人口,12000,千葉県,1301,2021年10月1日現在,千人,6275.0,
1,男女計,1,総人口,12000,千葉県,1701,2022年10月1日現在,千人,6266.0,
1,男女計,1,総人口,12000,千葉県,1801,2023年10月1日現在,千人,6257.0,
1,男女計,1,総人口,12000,千葉県,1901,2024年10月1日現在,千人,6251.0,
1,男女計,1,総人口,13000,東京都,1301,2021年10月1日現在,千人,14010.0,
1,男女計,1,総人口,13000,東京都,1701,2022年10月1日現在,千人,14038.0,
1,男女計,1,総人口,13000,東京都,1801,2023年10月1日現在,千人,14086.0,
1,男女計,1,総人口,13000,東京都,1901,2024年10月1日現在,千人,14178.0,
1,男女計,1,総人口,14000,神奈川県,1301,2021年10月1日現在,千人,9236.0,
1,男女計,1,総人口,14000,神奈川県,1701,2022年10月1日現在,千人,9232.0,
1,男女計,1,総人口,14000,神奈川県,1801,2023年10月1日現在,千人,9229.0,
1,男女計,1,総人口,14000,神奈川県,1901,2024年10月1日現在,千人,9225.0,
1,男女計,1,総人口,15000,新潟県,1301,2021年10月1日現在,千人,2177.0,
1,男女計,1,総人口,15000,新潟県,1701,2022年10月1日現在,千人,2153.0,
1,男女計,1,総人口,15000,新潟県,1801,2023年10月1日現在,千人,2126.0,
1,男女計,1,総人口,15000,新潟県,1901,2024年10月1日現在,千人,2099.0,
1,男女計,1,総人口,16000,富山県,1301,2021年10月1日現在,千人,1025.0,
1,男女計,1,総人口,16000,富山県,1701,2022年10月1日現在,千人,1017.0,
1,男女計,1,総人口,16000,富山県,1801,2023年10月1日現在,千人,1007.0,
1,男女計,1,総人口,16000,富山県,1901,2024年10月1日現在,千人,997.0,
1,男女計,1,総人口,17000,石川県,1301,2021年10月1日現在,千人,1125.0,
1,男女計,1,総人口,17000,石川県,1701,2022年10月1日現在,千人,1118.0,
1,男女計,1,総人口,17000,石川県,1801,2023年10月1日現在,千人,1109.0,
1,男女計,1,総人口,17000,石川県,1901,2024年10月1日現在,千人,1098.0,
1,男女計,1,総人口,18000,福井県,1301,2021年10月1日現在,千人,760.0,
1,男女計,1,総人口,18000,福井県,1701,2022年10月1日現在,千人,753.0,
1,男女計,1,総人口,18000,福井県,1801,2023年10月1日現在,千人,744.0,
1,男女計,1,総人口,18000,福井県,1901,2024年10月1日現在,千人,739.0,
1,男女計,1,総人口,19000,山梨県,1301,2021年10月1日現在,千人,805.0,
1,男女計,1,総人口,19000,山梨県,1701,2022年10月1日現在,千人,802.0,
1,男女計,1,総人口,19000,山梨県,1801,2023年10月1日現在,千人,796.0,
1,男女計,1,総人口,19000,山梨県,1901,2024年10月1日現在,千人,791.0,
1,男女計,1,総人口,20000,長野県,1301,2021年10月1日現在,千人,2033.0,
1,男女計,1,総人口,20000,長野県,1701,2022年10月1日現在,千人,2020.0,
1,男女計,1,総人口,20000,長野県,1801,2023年10月1日現在,千人,2004.0,
1,男女計,1,総人口,20000,長野県,1901,2024年10月1日現在,千人,1987.0,
1,男女計,1,総人口,21000,岐阜県,1301,2021年10月1日現在,千人,1961.0,
1,男女計,1,総人口,21000,岐阜県,1701,2022年10月1日現在,千人,1946.0,
1,男女計,1,総人口,21000,岐阜県,1801,2023年10月1日現在,千人,1931.0,
1,男女計,1,総人口,21000,岐阜県,1901,2024年10月1日現在,千人,1916.0,
1,男女計,1,総人口,22000,静岡県,1301,2021年10月1日現在,千人,3608.0,
1,男女計,1,総人口,22000,静岡県,1701,2022年10月1日現在,千人,3582.0,
1,男女計,1,総人口,22000,静岡県,1801,2023年10月1日現在,千人,3555.0,
1,男女計,1,総人口,22000,静岡県,1901,2024年10月1日現在,千人,3527.0,
1,男女計,1,総人口,23000,愛知県,1301,2021年10月1日現在,千人,7517.0,
1,男女計,1,総人口,23000,愛知県,1701,2022年10月1日現在,千人,7495.0,
1,男女計,1,総人口,23000,愛知県,1801,2023年10月1日現在,千人,7477.0,
1,男女計,1,総人口,23000,愛知県,1901,2024年10月1日現在,千人,7460.0,
1,男女計,1,総人口,24000,三重県,1301,2021年10月1日現在,千人,1756.0,
1,男女計,1,総人口,24000,三重県,1701,2022年10月1日現在,千人,1742.0,
1,男女計,1,総人口,24000,三重県,1801,2023年10月1日現在,千人,1727.0,
1,男女計,1,総人口,24000,三重県,1901,2024年10月1日現在,千人,1711.0,
1,男女計,1,総人口,25000,滋賀県,1301,2021年10月1日現在,千人,1411.0,
1,男女計,1,総人口,25000,滋賀県,1701,2022年10月1日現在,千人,1409.0,
1,男女計,1,総人口,25000,滋賀県,1801,2023年10月1日現在,千人,1407.0,
1,男女計,1,総人口,25000,滋賀県,1901,2024年10月1日現在,千人,1402.0,
1,男女計,1,総人口,26000,京都府,1301,2021年10月1日現在,千人,2561.0,
1,男女計,1,総人口,26000,京都府,1701,2022年10月1日現在,千人,2550.0,
1,男女計,1,総人口,26000,京都府,1801,2023年10月1日現在,千人,2535.0,
1,男女計,1,総人口,26000,京都府,1901,2024年10月1日現在,千人,2520.0,
1,男女計,1,総人口,27000,大阪府,1301,2021年10月1日現在,千人,8806.0,
1,男女計,1,総人口,27000,大阪府,1701,2022年10月1日現在,千人,8782.0,
1,男女計,1,総人口,27000,大阪府,1801,2023年10月1日現在,千人,8763.0,
1,男女計,1,総人口,27000,大阪府,1901,2024年10月1日現在,千人,8757.0,
1,男女計,1,総人口,28000,兵庫県,1301,2021年10月1日現在,千人,5432.0,
1,男女計,1,総人口,28000,兵庫県,1701,2022年10月1日現在,千人,5402.0,
1,男女計,1,総人口,28000,兵庫県,1801,2023年10月1日現在,千人,5370.0,
1,男女計,1,総人口,28000,兵庫県,1901,2024年10月1日現在,千人,5337.0,
1,男女計,1,総人口,29000,奈良県,1301,2021年10月1日現在,千人,1315.0,
1,男女計,1,総人口,29000,奈良県,1701,2022年10月1日現在,千人,1306.0,
1,男女計,1,総人口,29000,奈良県,1801,2023年10月1日現在,千人,1296.0,
1,男女計,1,総人口,29000,奈良県,1901,2024年10月1日現在,千人,1285.0,
1,男女計,1,総人口,30000,和歌山県,1301,2021年10月1日現在,千人,914.0,
1,男女計,1,総人口,30000,和歌山県,1701,2022年10月1日現在,千人,903.0,
1,男女計,1,総人口,30000,和歌山県,1801,2023年10月1日現在,千人,892.0,
1,男女計,1,総人口,30000,和歌山県,1901,2024年10月1日現在,千人,880.0,
1,男女計,1,総人口,31000,鳥取県,1301,2021年10月1日現在,千人,549.0,
1,男女計,1,総人口,31000,鳥取県,1701,2022年10月1日現在,千人,544.0,
1,男女計,1,総人口,31000,鳥取県,1801,2023年10月1日現在,千人,537.0,
1,男女計,1,総人口,31000,鳥取県,1901,2024年10月1日現在,千人,531.0,
1,男女計,1,総人口,32000,島根県,1301,2021年10月1日現在,千人,665.0,
1,男女計,1,総人口,32000,島根県,1701,2022年10月1日現在,千人,658.0,
1,男女計,1,総人口,32000,島根県,1801,2023年10月1日現在,千人,650.0,
1,男女計,1,総人口,32000,島根県,1901,2024年10月1日現在,千人,642.0,
1,男女計,1,総人口,33000,岡山県,1301,2021年10月1日現在,千人,1876.0,
1,男女計,1,総人口,33000,岡山県,1701,2022年10月1日現在,千人,1862.0,
1,男女計,1,総人口,33000,岡山県,1801,2023年10月1日現在,千人,1847.0,
1,男女計,1,総人口,33000,岡山県,1901,2024年10月1日現在,千人,1831.0,
1,男女計,1,総人口,34000,広島県,1301,2021年10月1日現在,千人,2780.0,
1,男女計,1,総人口,34000,広島県,1701,2022年10月1日現在,千人,2760.0,
1,男女計,1,総人口,34000,広島県,1801,2023年10月1日現在,千人,2738.0,
1,男女計,1,総人口,34000,広島県,1901,2024年10月1日現在,千人,2714.0,
1,男女計,1,総人口,35000,山口県,1301,2021年10月1日現在,千人,1328.0,
1,男女計,1,総人口,35000,山口県,1701,2022年10月1日現在,千人,1313.0,
1,男女計,1,総人口,35000,山口県,1801,2023年10月1日現在,千人,1298.0,
1,男女計,1,総人口,35000,山口県,1901,2024年10月1日現在,千人,1281.0,
1,男女計,1,総人口,36000,徳島県,1301,2021年10月1日現在,千人,712.0,
1,男女計,1,総人口,36000,徳島県,1701,2022年10月1日現在,千人,704.0,
1,男女計,1,総人口,36000,徳島県,1801,2023年10月1日現在,千人,695.0,
1,男女計,1,総人口,36000,徳島県,1901,2024年10月1日現在,千人,685.0,
1,男女計,1,総人口,37000,香川県,1301,2021年10月1日現在,千人,942.0,
1,男女計,1,総人口,37000,香川県,1701,2022年10月1日現在,千人,934.0,
1,男女計,1,総人口,37000,香川県,1801,2023年10月1日現在,千人,926.0,
1,男女計,1,総人口,37000,香川県,1901,2024年10月1日現在,千人,917.0,
1,男女計,1,総人口,38000,愛媛県,1301,2021年10月1日現在,千人,1321.0,
1,男女計,1,総人口,38000,愛媛県,1701,2022年10月1日現在,千人,1306.0,
1,男女計,1,総人口,38000,愛媛県,1801,2023年10月1日現在,千人,1291.0,
1,男女計,1,総人口,38000,愛媛県,1901,2024年10月1日現在,千人,1276.0,
1,男女計,1,総人口,39000,高知県,1301,2021年10月1日現在,千人,684.0,
1,男女計,1,総人口,39000,高知県,1701,2022年10月1日現在,千人,676.0,
1,男女計,1,総人口,39000,高知県,1801,2023年10月1日現在,千人,666.0,
1,男女計,1,総人口,39000,高知県,1901,2024年10月1日現在,千人,656.0,
1,男女計,1,総人口,40000,福岡県,1301,2021年10月1日現在,千人,5124.0,
1,男女計,1,総人口,40000,福岡県,1701,2022年10月1日現在,千人,5116.0,
1,男女計,1,総人口,40000,福岡県,1801,2023年10月1日現在,千人,5103.0,
1,男女計,1,総人口,40000,福岡県,1901,2024年10月1日現在,千人,5092.0,
1,男女計,1,総人口,41000,佐賀県,1301,2021年10月1日現在,千人,806.0,
1,男女計,1,総人口,41000,佐賀県,1701,2022年10月1日現在,千人,801.0,
1,男女計,1,総人口,41000,佐賀県,1801,2023年10月1日現在,千人,795.0,
1,男女計,1,総人口,41000,佐賀県,1901,2024年10月1日現在,千人,788.0,
1,男女計,1,総人口,42000,長崎県,1301,2021年10月1日現在,千人,1297.0,
1,男女計,1,総人口,42000,長崎県,1701,2022年10月1日現在,千人,1283.0,
1,男女計,1,総人口,42000,長崎県,1801,2023年10月1日現在,千人,1267.0,
1,男女計,1,総人口,42000,長崎県,1901,2024年10月1日現在,千人,1252.0,
1,男女計,1,総人口,43000,熊本県,1301,2021年10月1日現在,千人,1728.0,
1,男女計,1,総人口,43000,熊本県,1701,2022年10月1日現在,千人,1718.0,
1,男女計,1,総人口,43000,熊本県,1801,2023年10月1日現在,千人,1709.0,
1,男女計,1,総人口,43000,熊本県,1901,2024年10月1日現在,千人,1697.0,
1,男女計,1,総人口,44000,大分県,1301,2021年10月1日現在,千人,1114.0,
1,男女計,1,総人口,44000,大分県,1701,2022年10月1日現在,千人,1107.0,
1,男女計,1,総人口,44000,大分県,1801,2023年10月1日現在,千人,1096.0,
1,男女計,1,総人口,44000,大分県,1901,2024年10月1日現在,千人,1085.0,
1,男女計,1,総人口,45000,宮崎県,1301,2021年10月1日現在,千人,1061.0,
1,男女計,1,総人口,45000,宮崎県,1701,2022年10月1日現在,千人,1052.0,
1,男女計,1,総人口,45000,宮崎県,1801,2023年10月1日現在,千人,1042.0,
1,男女計,1,総人口,45000,宮崎県,1901,2024年10月1日現在,千人,1033.0,
1,男女計,1,総人口,46000,鹿児島県,1301,2021年10月1日現在,千人,1576.0,
1,男女計,1,総人口,46000,鹿児島県,1701,2022年10月1日現在,千人,1563.0,
1,男女計,1,総人口,46000,鹿児島県,1801,2023年10月1日現在,千人,1549.0,
1,男女計,1,総人口,46000,鹿児島県,1901,2024年10月1日現在,千人,1532.0,
1,男女計,1,総人口,47000,沖縄県,1301,2021年10月1日現在,千人,1468.0,
1,男女計,1,総人口,47000,沖縄県,1701,2022年10月1日現在,千人,1468.0,
1,男女計,1,総人口,47000,沖縄県,1801,2023年10月1日現在,千人,1468.0,
1,男女計,1,総人口,47000,沖縄県,1901,2024年10月1日現在,千人,1466.0,
1,男女計,2,日本人人口,0,全国,1301,2021年10月1日現在,千人,122780.0,
1,男女計,2,日本人人口,0,全国,1701,2022年10月1日現在,千人,122031.0,
1,男女計,2,日本人人口,0,全国,1801,2023年10月1日現在,千人,121193.0,
1,男女計,2,日本人人口,0,全国,1901,2024年10月1日現在,千人,120296.0,
1,男女計,2,日本人人口,1000,北海道,1301,2021年10月1日現在,千人,5147.0,
1,男女計,2,日本人人口,1000,北海道,1701,2022年10月1日現在,千人,5098.0,
1,男女計,2,日本人人口,1000,北海道,1801,2023年10月1日現在,千人,5041.0,
1,男女計,2,日本人人口,1000,北海道,1901,2024年10月1日現在,千人,4980.0,
1,男女計,2,日本人人口,2000,青森県,1301,2021年10月1日現在,千人,1216.0,
1,男女計,2,日本人人口,2000,青森県,1701,2022年10月1日現在,千人,1198.0,
1,男女計,2,日本人人口,2000,青森県,1801,2023年10月1日現在,千人,1177.0,
1,男女計,2,日本人人口,2000,青森県,1901,2024年10月1日現在,千人,1157.0,
1,男女計,2,日本人人口,3000,岩手県,1301,2021年10月1日現在,千人,1189.0,
1,男女計,2,日本人人口,3000,岩手県,1701,2022年10月1日現在,千人,1173.0,
1,男女計,2,日本人人口,3000,岩手県,1801,2023年10月1日現在,千人,1154.0,
1,男女計,2,日本人人口,3000,岩手県,1901,2024年10月1日現在,千人,1134.0,
1,男女計,2,日本人人口,4000,宮城県,1301,2021年10月1日現在,千人,2269.0,
1,男女計,2,日本人人口,4000,宮城県,1701,2022年10月1日現在,千人,2256.0,
1,男女計,2,日本人人口,4000,宮城県,1801,2023年10月1日現在,千人,2239.0,
1,男女計,2,日本人人口,4000,宮城県,1901,2024年10月1日現在,千人,2219.0,
1,男女計,2,日本人人口,5000,秋田県,1301,2021年10月1日現在,千人,941.0,
1,男女計,2,日本人人口,5000,秋田県,1701,2022年10月1日現在,千人,926.0,
1,男女計,2,日本人人口,5000,秋田県,1801,2023年10月1日現在,千人,909.0,
1,男女計,2,日本人人口,5000,秋田県,1901,2024年10月1日現在,千人,891.0,
1,男女計,2,日本人人口,6000,山形県,1301,2021年10月1日現在,千人,1048.0,
1,男女計,2,日本人人口,6000,山形県,1701,2022年10月1日現在,千人,1033.0,
1,男女計,2,日本人人口,6000,山形県,1801,2023年10月1日現在,千人,1018.0,
1,男女計,2,日本人人口,6000,山形県,1901,2024年10月1日現在,千人,1001.0,
1,男女計,2,日本人人口,7000,福島県,1301,2021年10月1日現在,千人,1799.0,
1,男女計,2,日本人人口,7000,福島県,1701,2022年10月1日現在,千人,1776.0,
1,男女計,2,日本人人口,7000,福島県,1801,2023年10月1日現在,千人,1751.0,
1,男女計,2,日本人人口,7000,福島県,1901,2024年10月1日現在,千人,1724.0,
1,男女計,2,日本人人口,8000,茨城県,1301,2021年10月1日現在,千人,2785.0,
1,男女計,2,日本人人口,8000,茨城県,1701,2022年10月1日現在,千人,2767.0,
1,男女計,2,日本人人口,8000,茨城県,1801,2023年10月1日現在,千人,2744.0,
1,男女計,2,日本人人口,8000,茨城県,1901,2024年10月1日現在,千人,2716.0,
1,男女計,2,日本人人口,9000,栃木県,1301,2021年10月1日現在,千人,1880.0,
1,男女計,2,日本人人口,9000,栃木県,1701,2022年10月1日現在,千人,1865.0,
1,男女計,2,日本人人口,9000,栃木県,1801,2023年10月1日現在,千人,1848.0,
1,男女計,2,日本人人口,9000,栃木県,1901,2024年10月1日現在,千人,1830.0,
1,男女計,2,日本人人口,10000,群馬県,1301,2021年10月1日現在,千人,1866.0,
1,男女計,2,日本人人口,10000,群馬県,1701,2022年10月1日現在,千人,1850.0,
1,男女計,2,日本人人口,10000,群馬県,1801,2023年10月1日現在,千人,1831.0,
1,男女計,2,日本人人口,10000,群馬県,1901,2024年10月1日現在,千人,1811.0,
1,男女計,2,日本人人口,11000,埼玉県,1301,2021年10月1日現在,千人,7152.0,
1,男女計,2,日本人人口,11000,埼玉県,1701,2022年10月1日現在,千人,7136.0,
1,男女計,2,日本人人口,11000,埼玉県,1801,2023年10月1日現在,千人,7113.0,
1,男女計,2,日本人人口,11000,埼玉県,1901,2024年10月1日現在,千人,7083.0,
1,男女計,2,日本人人口,12000,千葉県,1301,2021年10月1日現在,千人,6114.0,
1,男女計,2,日本人人口,12000,千葉県,1701,2022年10月1日現在,千人,6100.0,
1,男女計,2,日本人人口,12000,千葉県,1801,2023年10月1日現在,千人,6081.0,
1,男女計,2,日本人人口,12000,千葉県,1901,2024年10月1日現在,千人,6057.0,
1,男女計,2,日本人人口,13000,東京都,1301,2021年10月1日現在,千人,13459.0,
1,男女計,2,日本人人口,13000,東京都,1701,2022年10月1日現在,千人,13443.0,
1,男女計,2,日本人人口,13000,東京都,1801,2023年10月1日現在,千人,13448.0,
1,男女計,2,日本人人口,13000,東京都,1901,2024年10月1日現在,千人,13463.0,
1,男女計,2,日本人人口,14000,神奈川県,1301,2021年10月1日現在,千人,9007.0,
1,男女計,2,日本人人口,14000,神奈川県,1701,2022年10月1日現在,千人,8991.0,
1,男女計,2,日本人人口,14000,神奈川県,1801,2023年10月1日現在,千人,8970.0,
1,男女計,2,日本人人口,14000,神奈川県,1901,2024年10月1日現在,千人,8941.0,
1,男女計,2,日本人人口,15000,新潟県,1301,2021年10月1日現在,千人,2161.0,
1,男女計,2,日本人人口,15000,新潟県,1701,2022年10月1日現在,千人,2136.0,
1,男女計,2,日本人人口,15000,新潟県,1801,2023年10月1日現在,千人,2107.0,
1,男女計,2,日本人人口,15000,新潟県,1901,2024年10月1日現在,千人,2078.0,
1,男女計,2,日本人人口,16000,富山県,1301,2021年10月1日現在,千人,1008.0,
1,男女計,2,日本人人口,16000,富山県,1701,2022年10月1日現在,千人,998.0,
1,男女計,2,日本人人口,16000,富山県,1801,2023年10月1日現在,千人,987.0,
1,男女計,2,日本人人口,16000,富山県,1901,2024年10月1日現在,千人,974.0,
1,男女計,2,日本人人口,17000,石川県,1301,2021年10月1日現在,千人,1111.0,
1,男女計,2,日本人人口,17000,石川県,1701,2022年10月1日現在,千人,1102.0,
1,男女計,2,日本人人口,17000,石川県,1801,2023年10月1日現在,千人,1091.0,
1,男女計,2,日本人人口,17000,石川県,1901,2024年10月1日現在,千人,1079.0,
1,男女計,2,日本人人口,18000,福井県,1301,2021年10月1日現在,千人,746.0,
1,男女計,2,日本人人口,18000,福井県,1701,2022年10月1日現在,千人,738.0,
1,男女計,2,日本人人口,18000,福井県,1801,2023年10月1日現在,千人,729.0,
1,男女計,2,日本人人口,18000,福井県,1901,2024年10月1日現在,千人,721.0,
1,男女計,2,日本人人口,19000,山梨県,1301,2021年10月1日現在,千人,789.0,
1,男女計,2,日本人人口,19000,山梨県,1701,2022年10月1日現在,千人,784.0,
1,男女計,2,日本人人口,19000,山梨県,1801,2023年10月1日現在,千人,776.0,
1,男女計,2,日本人人口,19000,山梨県,1901,2024年10月1日現在,千人,769.0,
1,男女計,2,日本人人口,20000,長野県,1301,2021年10月1日現在,千人,1999.0,
1,男女計,2,日本人人口,20000,長野県,1701,2022年10月1日現在,千人,1984.0,
1,男女計,2,日本人人口,20000,長野県,1801,2023年10月1日現在,千人,1965.0,
1,男女計,2,日本人人口,20000,長野県,1901,2024年10月1日現在,千人,1945.0,
1,男女計,2,日本人人口,21000,岐阜県,1301,2021年10月1日現在,千人,1907.0,
1,男女計,2,日本人人口,21000,岐阜県,1701,2022年10月1日現在,千人,1888.0,
1,男女計,2,日本人人口,21000,岐阜県,1801,2023年10月1日現在,千人,1868.0,
1,男女計,2,日本人人口,21000,岐阜県,1901,2024年10月1日現在,千人,1846.0,
1,男女計,2,日本人人口,22000,静岡県,1301,2021年10月1日現在,千人,3515.0,
1,男女計,2,日本人人口,22000,静岡県,1701,2022年10月1日現在,千人,3484.0,
1,男女計,2,日本人人口,22000,静岡県,1801,2023年10月1日現在,千人,3449.0,
1,男女計,2,日本人人口,22000,静岡県,1901,2024年10月1日現在,千人,3411.0,
1,男女計,2,日本人人口,23000,愛知県,1301,2021年10月1日現在,千人,7261.0,
1,男女計,2,日本人人口,23000,愛知県,1701,2022年10月1日現在,千人,7228.0,
1,男女計,2,日本人人口,23000,愛知県,1801,2023年10月1日現在,千人,7195.0,
1,男女計,2,日本人人口,23000,愛知県,1901,2024年10月1日現在,千人,7160.0,
1,男女計,2,日本人人口,24000,三重県,1301,2021年10月1日現在,千人,1705.0,
1,男女計,2,日本人人口,24000,三重県,1701,2022年10月1日現在,千人,1689.0,
1,男女計,2,日本人人口,24000,三重県,1801,2023年10月1日現在,千人,1669.0,
1,男女計,2,日本人人口,24000,三重県,1901,2024年10月1日現在,千人,1649.0,
1,男女計,2,日本人人口,25000,滋賀県,1301,2021年10月1日現在,千人,1377.0,
1,男女計,2,日本人人口,25000,滋賀県,1701,2022年10月1日現在,千人,1373.0,
1,男女計,2,日本人人口,25000,滋賀県,1801,2023年10月1日現在,千人,1367.0,
1,男女計,2,日本人人口,25000,滋賀県,1901,2024年10月1日現在,千人,1360.0,
1,男女計,2,日本人人口,26000,京都府,1301,2021年10月1日現在,千人,2505.0,
1,男女計,2,日本人人口,26000,京都府,1701,2022年10月1日現在,千人,2485.0,
1,男女計,2,日本人人口,26000,京都府,1801,2023年10月1日現在,千人,2465.0,
1,男女計,2,日本人人口,26000,京都府,1901,2024年10月1日現在,千人,2441.0,
1,男女計,2,日本人人口,27000,大阪府,1301,2021年10月1日現在,千人,8565.0,
1,男女計,2,日本人人口,27000,大阪府,1701,2022年10月1日現在,千人,8524.0,
1,男女計,2,日本人人口,27000,大阪府,1801,2023年10月1日現在,千人,8488.0,
1,男女計,2,日本人人口,27000,大阪府,1901,2024年10月1日現在,千人,8453.0,
1,男女計,2,日本人人口,28000,兵庫県,1301,2021年10月1日現在,千人,5324.0,
1,男女計,2,日本人人口,28000,兵庫県,1701,2022年10月1日現在,千人,5287.0,
1,男女計,2,日本人人口,28000,兵庫県,1801,2023年10月1日現在,千人,5247.0,
1,男女計,2,日本人人口,28000,兵庫県,1901,2024年10月1日現在,千人,5204.0,
1,男女計,2,日本人人口,29000,奈良県,1301,2021年10月1日現在,千人,1302.0,
1,男女計,2,日本人人口,29000,奈良県,1701,2022年10月1日現在,千人,1291.0,
1,男女計,2,日本人人口,29000,奈良県,1801,2023年10月1日現在,千人,1279.0,
1,男女計,2,日本人人口,29000,奈良県,1901,2024年10月1日現在,千人,1267.0,
1,男女計,2,日本人人口,30000,和歌山県,1301,2021年10月1日現在,千人,907.0,
1,男女計,2,日本人人口,30000,和歌山県,1701,2022年10月1日現在,千人,896.0,
1,男女計,2,日本人人口,30000,和歌山県,1801,2023年10月1日現在,千人,884.0,
1,男女計,2,日本人人口,30000,和歌山県,1901,2024年10月1日現在,千人,871.0,
1,男女計,2,日本人人口,31000,鳥取県,1301,2021年10月1日現在,千人,544.0,
1,男女計,2,日本人人口,31000,鳥取県,1701,2022年10月1日現在,千人,539.0,
1,男女計,2,日本人人口,31000,鳥取県,1801,2023年10月1日現在,千人,532.0,
1,男女計,2,日本人人口,31000,鳥取県,1901,2024年10月1日現在,千人,525.0,
1,男女計,2,日本人人口,32000,島根県,1301,2021年10月1日現在,千人,655.0,
1,男女計,2,日本人人口,32000,島根県,1701,2022年10月1日現在,千人,648.0,
1,男女計,2,日本人人口,32000,島根県,1801,2023年10月1日現在,千人,640.0,
1,男女計,2,日本人人口,32000,島根県,1901,2024年10月1日現在,千人,631.0,
1,男女計,2,日本人人口,33000,岡山県,1301,2021年10月1日現在,千人,1847.0,
1,男女計,2,日本人人口,33000,岡山県,1701,2022年10月1日現在,千人,1832.0,
1,男女計,2,日本人人口,33000,岡山県,1801,2023年10月1日現在,千人,1814.0,
1,男女計,2,日本人人口,33000,岡山県,1901,2024年10月1日現在,千人,1795.0,
1,男女計,2,日本人人口,34000,広島県,1301,2021年10月1日現在,千人,2729.0,
1,男女計,2,日本人人口,34000,広島県,1701,2022年10月1日現在,千人,2708.0,
1,男女計,2,日本人人口,34000,広島県,1801,2023年10月1日現在,千人,2682.0,
1,男女計,2,日本人人口,34000,広島県,1901,2024年10月1日現在,千人,2655.0,
1,男女計,2,日本人人口,35000,山口県,1301,2021年10月1日現在,千人,1312.0,
1,男女計,2,日本人人口,35000,山口県,1701,2022年10月1日現在,千人,1297.0,
1,男女計,2,日本人人口,35000,山口県,1801,2023年10月1日現在,千人,1279.0,
1,男女計,2,日本人人口,35000,山口県,1901,2024年10月1日現在,千人,1260.0,
1,男女計,2,日本人人口,36000,徳島県,1301,2021年10月1日現在,千人,706.0,
1,男女計,2,日本人人口,36000,徳島県,1701,2022年10月1日現在,千人,698.0,
1,男女計,2,日本人人口,36000,徳島県,1801,2023年10月1日現在,千人,688.0,
1,男女計,2,日本人人口,36000,徳島県,1901,2024年10月1日現在,千人,678.0,
1,男女計,2,日本人人口,37000,香川県,1301,2021年10月1日現在,千人,930.0,
1,男女計,2,日本人人口,37000,香川県,1701,2022年10月1日現在,千人,920.0,
1,男女計,2,日本人人口,37000,香川県,1801,2023年10月1日現在,千人,910.0,
1,男女計,2,日本人人口,37000,香川県,1901,2024年10月1日現在,千人,899.0,
1,男女計,2,日本人人口,38000,愛媛県,1301,2021年10月1日現在,千人,1309.0,
1,男女計,2,日本人人口,38000,愛媛県,1701,2022年10月1日現在,千人,1294.0,
1,男女計,2,日本人人口,38000,愛媛県,1801,2023年10月1日現在,千人,1277.0,
1,男女計,2,日本人人口,38000,愛媛県,1901,2024年10月1日現在,千人,1259.0,
1,男女計,2,日本人人口,39000,高知県,1301,2021年10月1日現在,千人,680.0,
1,男女計,2,日本人人口,39000,高知県,1701,2022年10月1日現在,千人,671.0,
1,男女計,2,日本人人口,39000,高知県,1801,2023年10月1日現在,千人,660.0,
1,男女計,2,日本人人口,39000,高知県,1901,2024年10月1日現在,千人,649.0,
1,男女計,2,日本人人口,40000,福岡県,1301,2021年10月1日現在,千人,5045.0,
1,男女計,2,日本人人口,40000,福岡県,1701,2022年10月1日現在,千人,5030.0,
1,男女計,2,日本人人口,40000,福岡県,1801,2023年10月1日現在,千人,5011.0,
1,男女計,2,日本人人口,40000,福岡県,1901,2024年10月1日現在,千人,4989.0,
1,男女計,2,日本人人口,41000,佐賀県,1301,2021年10月1日現在,千人,800.0,
1,男女計,2,日本人人口,41000,佐賀県,1701,2022年10月1日現在,千人,793.0,
1,男女計,2,日本人人口,41000,佐賀県,1801,2023年10月1日現在,千人,786.0,
1,男女計,2,日本人人口,41000,佐賀県,1901,2024年10月1日現在,千人,777.0,
1,男女計,2,日本人人口,42000,長崎県,1301,2021年10月1日現在,千人,1288.0,
1,男女計,2,日本人人口,42000,長崎県,1701,2022年10月1日現在,千人,1272.0,
1,男女計,2,日本人人口,42000,長崎県,1801,2023年10月1日現在,千人,1254.0,
1,男女計,2,日本人人口,42000,長崎県,1901,2024年10月1日現在,千人,1237.0,
1,男女計,2,日本人人口,43000,熊本県,1301,2021年10月1日現在,千人,1712.0,
1,男女計,2,日本人人口,43000,熊本県,1701,2022年10月1日現在,千人,1699.0,
1,男女計,2,日本人人口,43000,熊本県,1801,2023年10月1日現在,千人,1685.0,
1,男女計,2,日本人人口,43000,熊本県,1901,2024年10月1日現在,千人,1669.0,
1,男女計,2,日本人人口,44000,大分県,1301,2021年10月1日現在,千人,1102.0,
1,男女計,2,日本人人口,44000,大分県,1701,2022年10月1日現在,千人,1092.0,
1,男女計,2,日本人人口,44000,大分県,1801,2023年10月1日現在,千人,1079.0,
1,男女計,2,日本人人口,44000,大分県,1901,2024年10月1日現在,千人,1066.0,
1,男女計,2,日本人人口,45000,宮崎県,1301,2021年10月1日現在,千人,1054.0,
1,男女計,2,日本人人口,45000,宮崎県,1701,2022年10月1日現在,千人,1044.0,
1,男女計,2,日本人人口,45000,宮崎県,1801,2023年10月1日現在,千人,1032.0,
1,男女計,2,日本人人口,45000,宮崎県,1901,2024年10月1日現在,千人,1021.0,
1,男女計,2,日本人人口,46000,鹿児島県,1301,2021年10月1日現在,千人,1565.0,
1,男女計,2,日本人人口,46000,鹿児島県,1701,2022年10月1日現在,千人,1550.0,
1,男女計,2,日本人人口,46000,鹿児島県,1801,2023年10月1日現在,千人,1533.0,
1,男女計,2,日本人人口,46000,鹿児島県,1901,2024年10月1日現在,千人,1513.0,
1,男女計,2,日本人人口,47000,沖縄県,1301,2021年10月1日現在,千人,1449.0,
1,男女計,2,日本人人口,47000,沖縄県,1701,2022年10月1日現在,千人,1446.0,
1,男女計,2,日本人人口,47000,沖縄県,1801,2023年10月1日現在,千人,1443.0,
1,男女計,2,日本人人口,47000,沖縄県,1901,2024年10月1日現在,千人,1437.0,
2,男,1,総人口,0,全国,1301,2021年10月1日現在,千人,61019.0,
2,男,1,総人口,0,全国,1701,2022年10月1日現在,千人,60758.0,
2,男,1,総人口,0,全国,1801,2023年10月1日現在,千人,60492.0,
2,男,1,総人口,0,全国,1901,2024年10月1日現在,千人,60233.0,
2,男,1,総人口,1000,北海道,1301,2021年10月1日現在,千人,2446.0,
2,男,1,総人口,1000,北海道,1701,2022年10月1日現在,千人,2427.0,
2,男,1,総人口,1000,北海道,1801,2023年10月1日現在,千人,2405.0,
2,男,1,総人口,1000,北海道,1901,2024年10月1日現在,千人,2382.0,
2,男,1,総人口,2000,青森県,1301,2021年10月1日現在,千人,575.0,
2,男,1,総人口,2000,青森県,1701,2022年10月1日現在,千人,568.0,
2,男,1,総人口,2000,青森県,1801,2023年10月1日現在,千人,559.0,
2,男,1,総人口,2000,青森県,1901,2024年10月1日現在,千人,549.0,
2,男,1,総人口,3000,岩手県,1301,2021年10月1日現在,千人,577.0,
2,男,1,総人口,3000,岩手県,1701,2022年10月1日現在,千人,570.0,
2,男,1,総人口,3000,岩手県,1801,2023年10月1日現在,千人,562.0,
2,男,1,総人口,3000,岩手県,1901,2024年10月1日現在,千人,553.0,
2,男,1,総人口,4000,宮城県,1301,2021年10月1日現在,千人,1117.0,
2,男,1,総人口,4000,宮城県,1701,2022年10月1日現在,千人,1112.0,
2,男,1,総人口,4000,宮城県,1801,2023年10月1日現在,千人,1105.0,
2,男,1,総人口,4000,宮城県,1901,2024年10月1日現在,千人,1096.0,
2,男,1,総人口,5000,秋田県,1301,2021年10月1日現在,千人,446.0,
2,男,1,総人口,5000,秋田県,1701,2022年10月1日現在,千人,439.0,
2,男,1,総人口,5000,秋田県,1801,2023年10月1日現在,千人,432.0,
2,男,1,総人口,5000,秋田県,1901,2024年10月1日現在,千人,424.0,
2,男,1,総人口,6000,山形県,1301,2021年10月1日現在,千人,511.0,
2,男,1,総人口,6000,山形県,1701,2022年10月1日現在,千人,505.0,
2,男,1,総人口,6000,山形県,1801,2023年10月1日現在,千人,498.0,
2,男,1,総人口,6000,山形県,1901,2024年10月1日現在,千人,491.0,
2,男,1,総人口,7000,福島県,1301,2021年10月1日現在,千人,894.0,
2,男,1,総人口,7000,福島県,1701,2022年10月1日現在,千人,884.0,
2,男,1,総人口,7000,福島県,1801,2023年10月1日現在,千人,873.0,
2,男,1,総人口,7000,福島県,1901,2024年10月1日現在,千人,861.0,
2,男,1,総人口,8000,茨城県,1301,2021年10月1日現在,千人,1423.0,
2,男,1,総人口,8000,茨城県,1701,2022年10月1日現在,千人,1418.0,
2,男,1,総人口,8000,茨城県,1801,2023年10月1日現在,千人,1412.0,
2,男,1,総人口,8000,茨城県,1901,2024年10月1日現在,千人,1404.0,
2,男,1,総人口,9000,栃木県,1301,2021年10月1日現在,千人,958.0,
2,男,1,総人口,9000,栃木県,1701,2022年10月1日現在,千人,952.0,
2,男,1,総人口,9000,栃木県,1801,2023年10月1日現在,千人,948.0,
2,男,1,総人口,9000,栃木県,1901,2024年10月1日現在,千人,942.0,
2,男,1,総人口,10000,群馬県,1301,2021年10月1日現在,千人,953.0,
2,男,1,総人口,10000,群馬県,1701,2022年10月1日現在,千人,947.0,
2,男,1,総人口,10000,群馬県,1801,2023年10月1日現在,千人,942.0,
2,男,1,総人口,10000,群馬県,1901,2024年10月1日現在,千人,937.0,
2,男,1,総人口,11000,埼玉県,1301,2021年10月1日現在,千人,3646.0,
2,男,1,総人口,11000,埼玉県,1701,2022年10月1日現在,千人,3643.0,
2,男,1,総人口,11000,埼玉県,1801,2023年10月1日現在,千人,3640.0,
2,男,1,総人口,11000,埼玉県,1901,2024年10月1日現在,千人,3640.0,
2,男,1,総人口,12000,千葉県,1301,2021年10月1日現在,千人,3111.0,
2,男,1,総人口,12000,千葉県,1701,2022年10月1日現在,千人,3104.0,
2,男,1,総人口,12000,千葉県,1801,2023年10月1日現在,千人,3099.0,
2,男,1,総人口,12000,千葉県,1901,2024年10月1日現在,千人,3094.0,
2,男,1,総人口,13000,東京都,1301,2021年10月1日現在,千人,6875.0,
2,男,1,総人口,13000,東京都,1701,2022年10月1日現在,千人,6889.0,
2,男,1,総人口,13000,東京都,1801,2023年10月1日現在,千人,6914.0,
2,男,1,総人口,13000,東京都,1901,2024年10月1日現在,千人,6960.0,
2,男,1,総人口,14000,神奈川県,1301,2021年10月1日現在,千人,4584.0,
2,男,1,総人口,14000,神奈川県,1701,2022年10月1日現在,千人,4579.0,
2,男,1,総人口,14000,神奈川県,1801,2023年10月1日現在,千人,4578.0,
2,男,1,総人口,14000,神奈川県,1901,2024年10月1日現在,千人,4576.0,
2,男,1,総人口,15000,新潟県,1301,2021年10月1日現在,千人,1057.0,
2,男,1,総人口,15000,新潟県,1701,2022年10月1日現在,千人,1046.0,
2,男,1,総人口,15000,新潟県,1801,2023年10月1日現在,千人,1034.0,
2,男,1,総人口,15000,新潟県,1901,2024年10月1日現在,千人,1021.0,
2,男,1,総人口,16000,富山県,1301,2021年10月1日現在,千人,498.0,
2,男,1,総人口,16000,富山県,1701,2022年10月1日現在,千人,495.0,
2,男,1,総人口,16000,富山県,1801,2023年10月1日現在,千人,490.0,
2,男,1,総人口,16000,富山県,1901,2024年10月1日現在,千人,486.0,
2,男,1,総人口,17000,石川県,1301,2021年10月1日現在,千人,546.0,
2,男,1,総人口,17000,石川県,1701,2022年10月1日現在,千人,543.0,
2,男,1,総人口,17000,石川県,1801,2023年10月1日現在,千人,539.0,
2,男,1,総人口,17000,石川県,1901,2024年10月1日現在,千人,534.0,
2,男,1,総人口,18000,福井県,1301,2021年10月1日現在,千人,371.0,
2,男,1,総人口,18000,福井県,1701,2022年10月1日現在,千人,368.0,
2,男,1,総人口,18000,福井県,1801,2023年10月1日現在,千人,364.0,
2,男,1,総人口,18000,福井県,1901,2024年10月1日現在,千人,361.0,
2,男,1,総人口,19000,山梨県,1301,2021年10月1日現在,千人,395.0,
2,男,1,総人口,19000,山梨県,1701,2022年10月1日現在,千人,394.0,
2,男,1,総人口,19000,山梨県,1801,2023年10月1日現在,千人,391.0,
2,男,1,総人口,19000,山梨県,1901,2024年10月1日現在,千人,389.0,
2,男,1,総人口,20000,長野県,1301,2021年10月1日現在,千人,994.0,
2,男,1,総人口,20000,長野県,1701,2022年10月1日現在,千人,988.0,
2,男,1,総人口,20000,長野県,1801,2023年10月1日現在,千人,981.0,
2,男,1,総人口,20000,長野県,1901,2024年10月1日現在,千人,973.0,
2,男,1,総人口,21000,岐阜県,1301,2021年10月1日現在,千人,952.0,
2,男,1,総人口,21000,岐阜県,1701,2022年10月1日現在,千人,945.0,
2,男,1,総人口,21000,岐阜県,1801,2023年10月1日現在,千人,938.0,
2,男,1,総人口,21000,岐阜県,1901,2024年10月1日現在,千人,930.0,
2,男,1,総人口,22000,静岡県,1301,2021年10月1日現在,千人,1778.0,
2,男,1,総人口,22000,静岡県,1701,2022年10月1日現在,千人,1766.0,
2,男,1,総人口,22000,静岡県,1801,2023年10月1日現在,千人,1754.0,
2,男,1,総人口,22000,静岡県,1901,2024年10月1日現在,千人,1740.0,
2,男,1,総人口,23000,愛知県,1301,2021年10月1日現在,千人,3746.0,
2,男,1,総人口,23000,愛知県,1701,2022年10月1日現在,千人,3734.0,
2,男,1,総人口,23000,愛知県,1801,2023年10月1日現在,千人,3726.0,
2,男,1,総人口,23000,愛知県,1901,2024年10月1日現在,千人,3717.0,
2,男,1,総人口,24000,三重県,1301,2021年10月1日現在,千人,857.0,
2,男,1,総人口,24000,三重県,1701,2022年10月1日現在,千人,851.0,
2,男,1,総人口,24000,三重県,1801,2023年10月1日現在,千人,844.0,
2,男,1,総人口,24000,三重県,1901,2024年10月1日現在,千人,837.0,
2,男,1,総人口,25000,滋賀県,1301,2021年10月1日現在,千人,696.0,
2,男,1,総人口,25000,滋賀県,1701,2022年10月1日現在,千人,695.0,
2,男,1,総人口,25000,滋賀県,1801,2023年10月1日現在,千人,695.0,
2,男,1,総人口,25000,滋賀県,1901,2024年10月1日現在,千人,693.0,
2,男,1,総人口,26000,京都府,1301,2021年10月1日現在,千人,1223.0,
2,男,1,総人口,26000,京都府,1701,2022年10月1日現在,千人,1217.0,
2,男,1,総人口,26000,京都府,1801,2023年10月1日現在,千人,1210.0,
2,男,1,総人口,26000,京都府,1901,2024年10月1日現在,千人,1203.0,
2,男,1,総人口,27000,大阪府,1301,2021年10月1日現在,千人,4216.0,
2,男,1,総人口,27000,大阪府,1701,2022年10月1日現在,千人,4202.0,
2,男,1,総人口,27000,大阪府,1801,2023年10月1日現在,千人,4191.0,
2,男,1,総人口,27000,大阪府,1901,2024年10月1日現在,千人,4185.0,
2,男,1,総人口,28000,兵庫県,1301,2021年10月1日現在,千人,2582.0,
2,男,1,総人口,28000,兵庫県,1701,2022年10月1日現在,千人,2567.0,
2,男,1,総人口,28000,兵庫県,1801,2023年10月1日現在,千人,2551.0,
2,男,1,総人口,28000,兵庫県,1901,2024年10月1日現在,千人,2535.0,
2,男,1,総人口,29000,奈良県,1301,2021年10月1日現在,千人,619.0,
2,男,1,総人口,29000,奈良県,1701,2022年10月1日現在,千人,614.0,
2,男,1,総人口,29000,奈良県,1801,2023年10月1日現在,千人,609.0,
2,男,1,総人口,29000,奈良県,1901,2024年10月1日現在,千人,604.0,
2,男,1,総人口,30000,和歌山県,1301,2021年10月1日現在,千人,431.0,
2,男,1,総人口,30000,和歌山県,1701,2022年10月1日現在,千人,426.0,
2,男,1,総人口,30000,和歌山県,1801,2023年10月1日現在,千人,420.0,
2,男,1,総人口,30000,和歌山県,1901,2024年10月1日現在,千人,415.0,
2,男,1,総人口,31000,鳥取県,1301,2021年10月1日現在,千人,262.0,
2,男,1,総人口,31000,鳥取県,1701,2022年10月1日現在,千人,260.0,
2,男,1,総人口,31000,鳥取県,1801,2023年10月1日現在,千人,257.0,
2,男,1,総人口,31000,鳥取県,1901,2024年10月1日現在,千人,254.0,
2,男,1,総人口,32000,島根県,1301,2021年10月1日現在,千人,322.0,
2,男,1,総人口,32000,島根県,1701,2022年10月1日現在,千人,318.0,
2,男,1,総人口,32000,島根県,1801,2023年10月1日現在,千人,314.0,
2,男,1,総人口,32000,島根県,1901,2024年10月1日現在,千人,311.0,
2,男,1,総人口,33000,岡山県,1301,2021年10月1日現在,千人,902.0,
2,男,1,総人口,33000,岡山県,1701,2022年10月1日現在,千人,896.0,
2,男,1,総人口,33000,岡山県,1801,2023年10月1日現在,千人,889.0,
2,男,1,総人口,33000,岡山県,1901,2024年10月1日現在,千人,882.0,
2,男,1,総人口,34000,広島県,1301,2021年10月1日現在,千人,1347.0,
2,男,1,総人口,34000,広島県,1701,2022年10月1日現在,千人,1338.0,
2,男,1,総人口,34000,広島県,1801,2023年10月1日現在,千人,1329.0,
2,男,1,総人口,34000,広島県,1901,2024年10月1日現在,千人,1318.0,
2,男,1,総人口,35000,山口県,1301,2021年10月1日現在,千人,630.0,
2,男,1,総人口,35000,山口県,1701,2022年10月1日現在,千人,624.0,
2,男,1,総人口,35000,山口県,1801,2023年10月1日現在,千人,618.0,
2,男,1,総人口,35000,山口県,1901,2024年10月1日現在,千人,610.0,
2,男,1,総人口,36000,徳島県,1301,2021年10月1日現在,千人,340.0,
2,男,1,総人口,36000,徳島県,1701,2022年10月1日現在,千人,336.0,
2,男,1,総人口,36000,徳島県,1801,2023年10月1日現在,千人,332.0,
2,男,1,総人口,36000,徳島県,1901,2024年10月1日現在,千人,328.0,
2,男,1,総人口,37000,香川県,1301,2021年10月1日現在,千人,455.0,
2,男,1,総人口,37000,香川県,1701,2022年10月1日現在,千人,451.0,
2,男,1,総人口,37000,香川県,1801,2023年10月1日現在,千人,448.0,
2,男,1,総人口,37000,香川県,1901,2024年10月1日現在,千人,444.0,
2,男,1,総人口,38000,愛媛県,1301,2021年10月1日現在,千人,627.0,
2,男,1,総人口,38000,愛媛県,1701,2022年10月1日現在,千人,620.0,
2,男,1,総人口,38000,愛媛県,1801,2023年10月1日現在,千人,613.0,
2,男,1,総人口,38000,愛媛県,1901,2024年10月1日現在,千人,606.0,
2,男,1,総人口,39000,高知県,1301,2021年10月1日現在,千人,323.0,
2,男,1,総人口,39000,高知県,1701,2022年10月1日現在,千人,320.0,
2,男,1,総人口,39000,高知県,1801,2023年10月1日現在,千人,316.0,
2,男,1,総人口,39000,高知県,1901,2024年10月1日現在,千人,311.0,
2,男,1,総人口,40000,福岡県,1301,2021年10月1日現在,千人,2425.0,
2,男,1,総人口,40000,福岡県,1701,2022年10月1日現在,千人,2423.0,
2,男,1,総人口,40000,福岡県,1801,2023年10月1日現在,千人,2418.0,
2,男,1,総人口,40000,福岡県,1901,2024年10月1日現在,千人,2413.0,
2,男,1,総人口,41000,佐賀県,1301,2021年10月1日現在,千人,382.0,
2,男,1,総人口,41000,佐賀県,1701,2022年10月1日現在,千人,380.0,
2,男,1,総人口,41000,佐賀県,1801,2023年10月1日現在,千人,377.0,
2,男,1,総人口,41000,佐賀県,1901,2024年10月1日現在,千人,375.0,
2,男,1,総人口,42000,長崎県,1301,2021年10月1日現在,千人,610.0,
2,男,1,総人口,42000,長崎県,1701,2022年10月1日現在,千人,604.0,
2,男,1,総人口,42000,長崎県,1801,2023年10月1日現在,千人,598.0,
2,男,1,総人口,42000,長崎県,1901,2024年10月1日現在,千人,591.0,
2,男,1,総人口,43000,熊本県,1301,2021年10月1日現在,千人,818.0,
2,男,1,総人口,43000,熊本県,1701,2022年10月1日現在,千人,814.0,
2,男,1,総人口,43000,熊本県,1801,2023年10月1日現在,千人,811.0,
2,男,1,総人口,43000,熊本県,1901,2024年10月1日現在,千人,806.0,
2,男,1,総人口,44000,大分県,1301,2021年10月1日現在,千人,529.0,
2,男,1,総人口,44000,大分県,1701,2022年10月1日現在,千人,526.0,
2,男,1,総人口,44000,大分県,1801,2023年10月1日現在,千人,522.0,
2,男,1,総人口,44000,大分県,1901,2024年10月1日現在,千人,517.0,
2,男,1,総人口,45000,宮崎県,1301,2021年10月1日現在,千人,501.0,
2,男,1,総人口,45000,宮崎県,1701,2022年10月1日現在,千人,497.0,
2,男,1,総人口,45000,宮崎県,1801,2023年10月1日現在,千人,492.0,
2,男,1,総人口,45000,宮崎県,1901,2024年10月1日現在,千人,488.0,
2,男,1,総人口,46000,鹿児島県,1301,2021年10月1日現在,千人,743.0,
2,男,1,総人口,46000,鹿児島県,1701,2022年10月1日現在,千人,738.0,
2,男,1,総人口,46000,鹿児島県,1801,2023年10月1日現在,千人,732.0,
2,男,1,総人口,46000,鹿児島県,1901,2024年10月1日現在,千人,724.0,
2,男,1,総人口,47000,沖縄県,1301,2021年10月1日現在,千人,723.0,
2,男,1,総人口,47000,沖縄県,1701,2022年10月1日現在,千人,723.0,
2,男,1,総人口,47000,沖縄県,1801,2023年10月1日現在,千人,723.0,
2,男,1,総人口,47000,沖縄県,1901,2024年10月1日現在,千人,722.0,
2,男,2,日本人人口,0,全国,1301,2021年10月1日現在,千人,59687.0,
2,男,2,日本人人口,0,全国,1701,2022年10月1日現在,千人,59314.0,
2,男,2,日本人人口,0,全国,1801,2023年10月1日現在,千人,58902.0,
2,男,2,日本人人口,0,全国,1901,2024年10月1日現在,千人,58450.0,
2,男,2,日本人人口,1000,北海道,1301,2021年10月1日現在,千人,2429.0,
2,男,2,日本人人口,1000,北海道,1701,2022年10月1日現在,千人,2407.0,
2,男,2,日本人人口,1000,北海道,1801,2023年10月1日現在,千人,2380.0,
2,男,2,日本人人口,1000,北海道,1901,2024年10月1日現在,千人,2351.0,
2,男,2,日本人人口,2000,青森県,1301,2021年10月1日現在,千人,573.0,
2,男,2,日本人人口,2000,青森県,1701,2022年10月1日現在,千人,565.0,
2,男,2,日本人人口,2000,青森県,1801,2023年10月1日現在,千人,556.0,
2,男,2,日本人人口,2000,青森県,1901,2024年10月1日現在,千人,546.0,
2,男,2,日本人人口,3000,岩手県,1301,2021年10月1日現在,千人,574.0,
2,男,2,日本人人口,3000,岩手県,1701,2022年10月1日現在,千人,566.0,
2,男,2,日本人人口,3000,岩手県,1801,2023年10月1日現在,千人,558.0,
2,男,2,日本人人口,3000,岩手県,1901,2024年10月1日現在,千人,548.0,
2,男,2,日本人人口,4000,宮城県,1301,2021年10月1日現在,千人,1107.0,
2,男,2,日本人人口,4000,宮城県,1701,2022年10月1日現在,千人,1100.0,
2,男,2,日本人人口,4000,宮城県,1801,2023年10月1日現在,千人,1092.0,
2,男,2,日本人人口,4000,宮城県,1901,2024年10月1日現在,千人,1082.0,
2,男,2,日本人人口,5000,秋田県,1301,2021年10月1日現在,千人,444.0,
2,男,2,日本人人口,5000,秋田県,1701,2022年10月1日現在,千人,438.0,
2,男,2,日本人人口,5000,秋田県,1801,2023年10月1日現在,千人,430.0,
2,男,2,日本人人口,5000,秋田県,1901,2024年10月1日現在,千人,422.0,
2,男,2,日本人人口,6000,山形県,1301,2021年10月1日現在,千人,508.0,
2,男,2,日本人人口,6000,山形県,1701,2022年10月1日現在,千人,502.0,
2,男,2,日本人人口,6000,山形県,1801,2023年10月1日現在,千人,494.0,
2,男,2,日本人人口,6000,山形県,1901,2024年10月1日現在,千人,487.0,
2,男,2,日本人人口,7000,福島県,1301,2021年10月1日現在,千人,888.0,
2,男,2,日本人人口,7000,福島県,1701,2022年10月1日現在,千人,878.0,
2,男,2,日本人人口,7000,福島県,1801,2023年10月1日現在,千人,865.0,
2,男,2,日本人人口,7000,福島県,1901,2024年10月1日現在,千人,853.0,
2,男,2,日本人人口,8000,茨城県,1301,2021年10月1日現在,千人,1389.0,
2,男,2,日本人人口,8000,茨城県,1701,2022年10月1日現在,千人,1380.0,
2,男,2,日本人人口,8000,茨城県,1801,2023年10月1日現在,千人,1369.0,
2,男,2,日本人人口,8000,茨城県,1901,2024年10月1日現在,千人,1355.0,
2,男,2,日本人人口,9000,栃木県,1301,2021年10月1日現在,千人,938.0,
2,男,2,日本人人口,9000,栃木県,1701,2022年10月1日現在,千人,930.0,
2,男,2,日本人人口,9000,栃木県,1801,2023年10月1日現在,千人,922.0,
2,男,2,日本人人口,9000,栃木県,1901,2024年10月1日現在,千人,914.0,
2,男,2,日本人人口,10000,群馬県,1301,2021年10月1日現在,千人,922.0,
2,男,2,日本人人口,10000,群馬県,1701,2022年10月1日現在,千人,914.0,
2,男,2,日本人人口,10000,群馬県,1801,2023年10月1日現在,千人,905.0,
2,男,2,日本人人口,10000,群馬県,1901,2024年10月1日現在,千人,894.0,
2,男,2,日本人人口,11000,埼玉県,1301,2021年10月1日現在,千人,3552.0,
2,男,2,日本人人口,11000,埼玉県,1701,2022年10月1日現在,千人,3542.0,
2,男,2,日本人人口,11000,埼玉県,1801,2023年10月1日現在,千人,3527.0,
2,男,2,日本人人口,11000,埼玉県,1901,2024年10月1日現在,千人,3509.0,
2,男,2,日本人人口,12000,千葉県,1301,2021年10月1日現在,千人,3033.0,
2,男,2,日本人人口,12000,千葉県,1701,2022年10月1日現在,千人,3024.0,
2,男,2,日本人人口,12000,千葉県,1801,2023年10月1日現在,千人,3013.0,
2,男,2,日本人人口,12000,千葉県,1901,2024年10月1日現在,千人,2998.0,
2,男,2,日本人人口,13000,東京都,1301,2021年10月1日現在,千人,6606.0,
2,男,2,日本人人口,13000,東京都,1701,2022年10月1日現在,千人,6595.0,
2,男,2,日本人人口,13000,東京都,1801,2023年10月1日現在,千人,6594.0,
2,男,2,日本人人口,13000,東京都,1901,2024年10月1日現在,千人,6599.0,
2,男,2,日本人人口,14000,神奈川県,1301,2021年10月1日現在,千人,4471.0,
2,男,2,日本人人口,14000,神奈川県,1701,2022年10月1日現在,千人,4459.0,
2,男,2,日本人人口,14000,神奈川県,1801,2023年10月1日現在,千人,4447.0,
2,男,2,日本人人口,14000,神奈川県,1901,2024年10月1日現在,千人,4430.0,
2,男,2,日本人人口,15000,新潟県,1301,2021年10月1日現在,千人,1051.0,
2,男,2,日本人人口,15000,新潟県,1701,2022年10月1日現在,千人,1039.0,
2,男,2,日本人人口,15000,新潟県,1801,2023年10月1日現在,千人,1026.0,
2,男,2,日本人人口,15000,新潟県,1901,2024年10月1日現在,千人,1011.0,
2,男,2,日本人人口,16000,富山県,1301,2021年10月1日現在,千人,490.0,
2,男,2,日本人人口,16000,富山県,1701,2022年10月1日現在,千人,485.0,
2,男,2,日本人人口,16000,富山県,1801,2023年10月1日現在,千人,480.0,
2,男,2,日本人人口,16000,富山県,1901,2024年10月1日現在,千人,474.0,
2,男,2,日本人人口,17000,石川県,1301,2021年10月1日現在,千人,538.0,
2,男,2,日本人人口,17000,石川県,1701,2022年10月1日現在,千人,534.0,
2,男,2,日本人人口,17000,石川県,1801,2023年10月1日現在,千人,529.0,
2,男,2,日本人人口,17000,石川県,1901,2024年10月1日現在,千人,523.0,
2,男,2,日本人人口,18000,福井県,1301,2021年10月1日現在,千人,364.0,
2,男,2,日本人人口,18000,福井県,1701,2022年10月1日現在,千人,361.0,
2,男,2,日本人人口,18000,福井県,1801,2023年10月1日現在,千人,357.0,
2,男,2,日本人人口,18000,福井県,1901,2024年10月1日現在,千人,353.0,
2,男,2,日本人人口,19000,山梨県,1301,2021年10月1日現在,千人,388.0,
2,男,2,日本人人口,19000,山梨県,1701,2022年10月1日現在,千人,385.0,
2,男,2,日本人人口,19000,山梨県,1801,2023年10月1日現在,千人,382.0,
2,男,2,日本人人口,19000,山梨県,1901,2024年10月1日現在,千人,378.0,
2,男,2,日本人人口,20000,長野県,1301,2021年10月1日現在,千人,978.0,
2,男,2,日本人人口,20000,長野県,1701,2022年10月1日現在,千人,971.0,
2,男,2,日本人人口,20000,長野県,1801,2023年10月1日現在,千人,963.0,
2,男,2,日本人人口,20000,長野県,1901,2024年10月1日現在,千人,953.0,
2,男,2,日本人人口,21000,岐阜県,1301,2021年10月1日現在,千人,926.0,
2,男,2,日本人人口,21000,岐阜県,1701,2022年10月1日現在,千人,916.0,
2,男,2,日本人人口,21000,岐阜県,1801,2023年10月1日現在,千人,906.0,
2,男,2,日本人人口,21000,岐阜県,1901,2024年10月1日現在,千人,896.0,
2,男,2,日本人人口,22000,静岡県,1301,2021年10月1日現在,千人,1733.0,
2,男,2,日本人人口,22000,静岡県,1701,2022年10月1日現在,千人,1718.0,
2,男,2,日本人人口,22000,静岡県,1801,2023年10月1日現在,千人,1702.0,
2,男,2,日本人人口,22000,静岡県,1901,2024年10月1日現在,千人,1682.0,
2,男,2,日本人人口,23000,愛知県,1301,2021年10月1日現在,千人,3619.0,
2,男,2,日本人人口,23000,愛知県,1701,2022年10月1日現在,千人,3601.0,
2,男,2,日本人人口,23000,愛知県,1801,2023年10月1日現在,千人,3584.0,
2,男,2,日本人人口,23000,愛知県,1901,2024年10月1日現在,千人,3565.0,
2,男,2,日本人人口,24000,三重県,1301,2021年10月1日現在,千人,831.0,
2,男,2,日本人人口,24000,三重県,1701,2022年10月1日現在,千人,824.0,
2,男,2,日本人人口,24000,三重県,1801,2023年10月1日現在,千人,815.0,
2,男,2,日本人人口,24000,三重県,1901,2024年10月1日現在,千人,804.0,
2,男,2,日本人人口,25000,滋賀県,1301,2021年10月1日現在,千人,678.0,
2,男,2,日本人人口,25000,滋賀県,1701,2022年10月1日現在,千人,676.0,
2,男,2,日本人人口,25000,滋賀県,1801,2023年10月1日現在,千人,673.0,
2,男,2,日本人人口,25000,滋賀県,1901,2024年10月1日現在,千人,669.0,
2,男,2,日本人人口,26000,京都府,1301,2021年10月1日現在,千人,1195.0,
2,男,2,日本人人口,26000,京都府,1701,2022年10月1日現在,千人,1185.0,
2,男,2,日本人人口,26000,京都府,1801,2023年10月1日現在,千人,1174.0,
2,男,2,日本人人口,26000,京都府,1901,2024年10月1日現在,千人,1162.0,
2,男,2,日本人人口,27000,大阪府,1301,2021年10月1日現在,千人,4097.0,
2,男,2,日本人人口,27000,大阪府,1701,2022年10月1日現在,千人,4074.0,
2,男,2,日本人人口,27000,大阪府,1801,2023年10月1日現在,千人,4053.0,
2,男,2,日本人人口,27000,大阪府,1901,2024年10月1日現在,千人,4032.0,
2,男,2,日本人人口,28000,兵庫県,1301,2021年10月1日現在,千人,2529.0,
2,男,2,日本人人口,28000,兵庫県,1701,2022年10月1日現在,千人,2510.0,
2,男,2,日本人人口,28000,兵庫県,1801,2023年10月1日現在,千人,2490.0,
2,男,2,日本人人口,28000,兵庫県,1901,2024年10月1日現在,千人,2468.0,
2,男,2,日本人人口,29000,奈良県,1301,2021年10月1日現在,千人,613.0,
2,男,2,日本人人口,29000,奈良県,1701,2022年10月1日現在,千人,607.0,
2,男,2,日本人人口,29000,奈良県,1801,2023年10月1日現在,千人,601.0,
2,男,2,日本人人口,29000,奈良県,1901,2024年10月1日現在,千人,595.0,
2,男,2,日本人人口,30000,和歌山県,1301,2021年10月1日現在,千人,428.0,
2,男,2,日本人人口,30000,和歌山県,1701,2022年10月1日現在,千人,423.0,
2,男,2,日本人人口,30000,和歌山県,1801,2023年10月1日現在,千人,417.0,
2,男,2,日本人人口,30000,和歌山県,1901,2024年10月1日現在,千人,411.0,
2,男,2,日本人人口,31000,鳥取県,1301,2021年10月1日現在,千人,261.0,
2,男,2,日本人人口,31000,鳥取県,1701,2022年10月1日現在,千人,258.0,
2,男,2,日本人人口,31000,鳥取県,1801,2023年10月1日現在,千人,255.0,
2,男,2,日本人人口,31000,鳥取県,1901,2024年10月1日現在,千人,252.0,
2,男,2,日本人人口,32000,島根県,1301,2021年10月1日現在,千人,317.0,
2,男,2,日本人人口,32000,島根県,1701,2022年10月1日現在,千人,314.0,
2,男,2,日本人人口,32000,島根県,1801,2023年10月1日現在,千人,310.0,
2,男,2,日本人人口,32000,島根県,1901,2024年10月1日現在,千人,306.0,
2,男,2,日本人人口,33000,岡山県,1301,2021年10月1日現在,千人,888.0,
2,男,2,日本人人口,33000,岡山県,1701,2022年10月1日現在,千人,881.0,
2,男,2,日本人人口,33000,岡山県,1801,2023年10月1日現在,千人,872.0,
2,男,2,日本人人口,33000,岡山県,1901,2024年10月1日現在,千人,863.0,
2,男,2,日本人人口,34000,広島県,1301,2021年10月1日現在,千人,1322.0,
2,男,2,日本人人口,34000,広島県,1701,2022年10月1日現在,千人,1312.0,
2,男,2,日本人人口,34000,広島県,1801,2023年10月1日現在,千人,1299.0,
2,男,2,日本人人口,34000,広島県,1901,2024年10月1日現在,千人,1286.0,
2,男,2,日本人人口,35000,山口県,1301,2021年10月1日現在,千人,623.0,
2,男,2,日本人人口,35000,山口県,1701,2022年10月1日現在,千人,616.0,
2,男,2,日本人人口,35000,山口県,1801,2023年10月1日現在,千人,608.0,
2,男,2,日本人人口,35000,山口県,1901,2024年10月1日現在,千人,599.0,
2,男,2,日本人人口,36000,徳島県,1301,2021年10月1日現在,千人,338.0,
2,男,2,日本人人口,36000,徳島県,1701,2022年10月1日現在,千人,334.0,
2,男,2,日本人人口,36000,徳島県,1801,2023年10月1日現在,千人,330.0,
2,男,2,日本人人口,36000,徳島県,1901,2024年10月1日現在,千人,325.0,
2,男,2,日本人人口,37000,香川県,1301,2021年10月1日現在,千人,449.0,
2,男,2,日本人人口,37000,香川県,1701,2022年10月1日現在,千人,444.0,
2,男,2,日本人人口,37000,香川県,1801,2023年10月1日現在,千人,439.0,
2,男,2,日本人人口,37000,香川県,1901,2024年10月1日現在,千人,434.0,
2,男,2,日本人人口,38000,愛媛県,1301,2021年10月1日現在,千人,621.0,
2,男,2,日本人人口,38000,愛媛県,1701,2022年10月1日現在,千人,614.0,
2,男,2,日本人人口,38000,愛媛県,1801,2023年10月1日現在,千人,606.0,
2,男,2,日本人人口,38000,愛媛県,1901,2024年10月1日現在,千人,597.0,
2,男,2,日本人人口,39000,高知県,1301,2021年10月1日現在,千人,321.0,
2,男,2,日本人人口,39000,高知県,1701,2022年10月1日現在,千人,317.0,
2,男,2,日本人人口,39000,高知県,1801,2023年10月1日現在,千人,312.0,
2,男,2,日本人人口,39000,高知県,1901,2024年10月1日現在,千人,307.0,
2,男,2,日本人人口,40000,福岡県,1301,2021年10月1日現在,千人,2384.0,
2,男,2,日本人人口,40000,福岡県,1701,2022年10月1日現在,千人,2378.0,
2,男,2,日本人人口,40000,福岡県,1801,2023年10月1日現在,千人,2369.0,
2,男,2,日本人人口,40000,福岡県,1901,2024年10月1日現在,千人,2359.0,
2,男,2,日本人人口,41000,佐賀県,1301,2021年10月1日現在,千人,379.0,
2,男,2,日本人人口,41000,佐賀県,1701,2022年10月1日現在,千人,377.0,
2,男,2,日本人人口,41000,佐賀県,1801,2023年10月1日現在,千人,373.0,
2,男,2,日本人人口,41000,佐賀県,1901,2024年10月1日現在,千人,369.0,
2,男,2,日本人人口,42000,長崎県,1301,2021年10月1日現在,千人,606.0,
2,男,2,日本人人口,42000,長崎県,1701,2022年10月1日現在,千人,599.0,
2,男,2,日本人人口,42000,長崎県,1801,2023年10月1日現在,千人,591.0,
2,男,2,日本人人口,42000,長崎県,1901,2024年10月1日現在,千人,583.0,
2,男,2,日本人人口,43000,熊本県,1301,2021年10月1日現在,千人,811.0,
2,男,2,日本人人口,43000,熊本県,1701,2022年10月1日現在,千人,806.0,
2,男,2,日本人人口,43000,熊本県,1801,2023年10月1日現在,千人,800.0,
2,男,2,日本人人口,43000,熊本県,1901,2024年10月1日現在,千人,793.0,
2,男,2,日本人人口,44000,大分県,1301,2021年10月1日現在,千人,523.0,
2,男,2,日本人人口,44000,大分県,1701,2022年10月1日現在,千人,519.0,
2,男,2,日本人人口,44000,大分県,1801,2023年10月1日現在,千人,513.0,
2,男,2,日本人人口,44000,大分県,1901,2024年10月1日現在,千人,507.0,
2,男,2,日本人人口,45000,宮崎県,1301,2021年10月1日現在,千人,498.0,
2,男,2,日本人人口,45000,宮崎県,1701,2022年10月1日現在,千人,494.0,
2,男,2,日本人人口,45000,宮崎県,1801,2023年10月1日現在,千人,488.0,
2,男,2,日本人人口,45000,宮崎県,1901,2024年10月1日現在,千人,483.0,
2,男,2,日本人人口,46000,鹿児島県,1301,2021年10月1日現在,千人,739.0,
2,男,2,日本人人口,46000,鹿児島県,1701,2022年10月1日現在,千人,733.0,
2,男,2,日本人人口,46000,鹿児島県,1801,2023年10月1日現在,千人,725.0,
2,男,2,日本人人口,46000,鹿児島県,1901,2024年10月1日現在,千人,717.0,
2,男,2,日本人人口,47000,沖縄県,1301,2021年10月1日現在,千人,712.0,
2,男,2,日本人人口,47000,沖縄県,1701,2022年10月1日現在,千人,710.0,
2,男,2,日本人人口,47000,沖縄県,1801,2023年10月1日現在,千人,708.0,
2,男,2,日本人人口,47000,沖縄県,1901,2024年10月1日現在,千人,705.0,
3,女,1,総人口,0,全国,1301,2021年10月1日現在,千人,64483.0,
3,女,1,総人口,0,全国,1701,2022年10月1日現在,千人,64189.0,
3,女,1,総人口,0,全国,1801,2023年10月1日現在,千人,63859.0,
3,女,1,総人口,0,全国,1901,2024年10月1日現在,千人,63569.0,
3,女,1,総人口,1000,北海道,1301,2021年10月1日現在,千人,2737.0,
3,女,1,総人口,1000,北海道,1701,2022年10月1日現在,千人,2714.0,
3,女,1,総人口,1000,北海道,1801,2023年10月1日現在,千人,2688.0,
3,女,1,総人口,1000,北海道,1901,2024年10月1日現在,千人,2661.0,
3,女,1,総人口,2000,青森県,1301,2021年10月1日現在,千人,646.0,
3,女,1,総人口,2000,青森県,1701,2022年10月1日現在,千人,636.0,
3,女,1,総人口,2000,青森県,1801,2023年10月1日現在,千人,626.0,
3,女,1,総人口,2000,青森県,1901,2024年10月1日現在,千人,615.0,
3,女,1,総人口,3000,岩手県,1301,2021年10月1日現在,千人,620.0,
3,女,1,総人口,3000,岩手県,1701,2022年10月1日現在,千人,611.0,
3,女,1,総人口,3000,岩手県,1801,2023年10月1日現在,千人,602.0,
3,女,1,総人口,3000,岩手県,1901,2024年10月1日現在,千人,592.0,
3,女,1,総人口,4000,宮城県,1301,2021年10月1日現在,千人,1174.0,
3,女,1,総人口,4000,宮城県,1701,2022年10月1日現在,千人,1168.0,
3,女,1,総人口,4000,宮城県,1801,2023年10月1日現在,千人,1160.0,
3,女,1,総人口,4000,宮城県,1901,2024年10月1日現在,千人,1152.0,
3,女,1,総人口,5000,秋田県,1301,2021年10月1日現在,千人,499.0,
3,女,1,総人口,5000,秋田県,1701,2022年10月1日現在,千人,491.0,
3,女,1,総人口,5000,秋田県,1801,2023年10月1日現在,千人,482.0,
3,女,1,総人口,5000,秋田県,1901,2024年10月1日現在,千人,473.0,
3,女,1,総人口,6000,山形県,1301,2021年10月1日現在,千人,544.0,
3,女,1,総人口,6000,山形県,1701,2022年10月1日現在,千人,536.0,
3,女,1,総人口,6000,山形県,1801,2023年10月1日現在,千人,528.0,
3,女,1,総人口,6000,山形県,1901,2024年10月1日現在,千人,520.0,
3,女,1,総人口,7000,福島県,1301,2021年10月1日現在,千人,918.0,
3,女,1,総人口,7000,福島県,1701,2022年10月1日現在,千人,906.0,
3,女,1,総人口,7000,福島県,1801,2023年10月1日現在,千人,894.0,
3,女,1,総人口,7000,福島県,1901,2024年10月1日現在,千人,881.0,
3,女,1,総人口,8000,茨城県,1301,2021年10月1日現在,千人,1428.0,
3,女,1,総人口,8000,茨城県,1701,2022年10月1日現在,千人,1422.0,
3,女,1,総人口,8000,茨城県,1801,2023年10月1日現在,千人,1412.0,
3,女,1,総人口,8000,茨城県,1901,2024年10月1日現在,千人,1403.0,
3,女,1,総人口,9000,栃木県,1301,2021年10月1日現在,千人,963.0,
3,女,1,総人口,9000,栃木県,1701,2022年10月1日現在,千人,956.0,
3,女,1,総人口,9000,栃木県,1801,2023年10月1日現在,千人,950.0,
3,女,1,総人口,9000,栃木県,1901,2024年10月1日現在,千人,942.0,
3,女,1,総人口,10000,群馬県,1301,2021年10月1日現在,千人,974.0,
3,女,1,総人口,10000,群馬県,1701,2022年10月1日現在,千人,966.0,
3,女,1,総人口,10000,群馬県,1801,2023年10月1日現在,千人,960.0,
3,女,1,総人口,10000,群馬県,1901,2024年10月1日現在,千人,953.0,
3,女,1,総人口,11000,埼玉県,1301,2021年10月1日現在,千人,3694.0,
3,女,1,総人口,11000,埼玉県,1701,2022年10月1日現在,千人,3694.0,
3,女,1,総人口,11000,埼玉県,1801,2023年10月1日現在,千人,3691.0,
3,女,1,総人口,11000,埼玉県,1901,2024年10月1日現在,千人,3691.0,
3,女,1,総人口,12000,千葉県,1301,2021年10月1日現在,千人,3164.0,
3,女,1,総人口,12000,千葉県,1701,2022年10月1日現在,千人,3162.0,
3,女,1,総人口,12000,千葉県,1801,2023年10月1日現在,千人,3158.0,
3,女,1,総人口,12000,千葉県,1901,2024年10月1日現在,千人,3158.0,
3,女,1,総人口,13000,東京都,1301,2021年10月1日現在,千人,7135.0,
3,女,1,総人口,13000,東京都,1701,2022年10月1日現在,千人,7149.0,
3,女,1,総人口,13000,東京都,1801,2023年10月1日現在,千人,7172.0,
3,女,1,総人口,13000,東京都,1901,2024年10月1日現在,千人,7218.0,
3,女,1,総人口,14000,神奈川県,1301,2021年10月1日現在,千人,4652.0,
3,女,1,総人口,14000,神奈川県,1701,2022年10月1日現在,千人,4653.0,
3,女,1,総人口,14000,神奈川県,1801,2023年10月1日現在,千人,4651.0,
3,女,1,総人口,14000,神奈川県,1901,2024年10月1日現在,千人,4649.0,
3,女,1,総人口,15000,新潟県,1301,2021年10月1日現在,千人,1120.0,
3,女,1,総人口,15000,新潟県,1701,2022年10月1日現在,千人,1107.0,
3,女,1,総人口,15000,新潟県,1801,2023年10月1日現在,千人,1092.0,
3,女,1,総人口,15000,新潟県,1901,2024年10月1日現在,千人,1078.0,
3,女,1,総人口,16000,富山県,1301,2021年10月1日現在,千人,527.0,
3,女,1,総人口,16000,富山県,1701,2022年10月1日現在,千人,522.0,
3,女,1,総人口,16000,富山県,1801,2023年10月1日現在,千人,516.0,
3,女,1,総人口,16000,富山県,1901,2024年10月1日現在,千人,511.0,
3,女,1,総人口,17000,石川県,1301,2021年10月1日現在,千人,579.0,
3,女,1,総人口,17000,石川県,1701,2022年10月1日現在,千人,575.0,
3,女,1,総人口,17000,石川県,1801,2023年10月1日現在,千人,570.0,
3,女,1,総人口,17000,石川県,1901,2024年10月1日現在,千人,564.0,
3,女,1,総人口,18000,福井県,1301,2021年10月1日現在,千人,389.0,
3,女,1,総人口,18000,福井県,1701,2022年10月1日現在,千人,385.0,
3,女,1,総人口,18000,福井県,1801,2023年10月1日現在,千人,380.0,
3,女,1,総人口,18000,福井県,1901,2024年10月1日現在,千人,377.0,
3,女,1,総人口,19000,山梨県,1301,2021年10月1日現在,千人,410.0,
3,女,1,総人口,19000,山梨県,1701,2022年10月1日現在,千人,408.0,
3,女,1,総人口,19000,山梨県,1801,2023年10月1日現在,千人,404.0,
3,女,1,総人口,19000,山梨県,1901,2024年10月1日現在,千人,402.0,
3,女,1,総人口,20000,長野県,1301,2021年10月1日現在,千人,1040.0,
3,女,1,総人口,20000,長野県,1701,2022年10月1日現在,千人,1032.0,
3,女,1,総人口,20000,長野県,1801,2023年10月1日現在,千人,1023.0,
3,女,1,総人口,20000,長野県,1901,2024年10月1日現在,千人,1014.0,
3,女,1,総人口,21000,岐阜県,1301,2021年10月1日現在,千人,1009.0,
3,女,1,総人口,21000,岐阜県,1701,2022年10月1日現在,千人,1001.0,
3,女,1,総人口,21000,岐阜県,1801,2023年10月1日現在,千人,993.0,
3,女,1,総人口,21000,岐阜県,1901,2024年10月1日現在,千人,985.0,
3,女,1,総人口,22000,静岡県,1301,2021年10月1日現在,千人,1829.0,
3,女,1,総人口,22000,静岡県,1701,2022年10月1日現在,千人,1816.0,
3,女,1,総人口,22000,静岡県,1801,2023年10月1日現在,千人,1801.0,
3,女,1,総人口,22000,静岡県,1901,2024年10月1日現在,千人,1787.0,
3,女,1,総人口,23000,愛知県,1301,2021年10月1日現在,千人,3771.0,
3,女,1,総人口,23000,愛知県,1701,2022年10月1日現在,千人,3761.0,
3,女,1,総人口,23000,愛知県,1801,2023年10月1日現在,千人,3751.0,
3,女,1,総人口,23000,愛知県,1901,2024年10月1日現在,千人,3742.0,
3,女,1,総人口,24000,三重県,1301,2021年10月1日現在,千人,898.0,
3,女,1,総人口,24000,三重県,1701,2022年10月1日現在,千人,891.0,
3,女,1,総人口,24000,三重県,1801,2023年10月1日現在,千人,882.0,
3,女,1,総人口,24000,三重県,1901,2024年10月1日現在,千人,874.0,
3,女,1,総人口,25000,滋賀県,1301,2021年10月1日現在,千人,715.0,
3,女,1,総人口,25000,滋賀県,1701,2022年10月1日現在,千人,714.0,
3,女,1,総人口,25000,滋賀県,1801,2023年10月1日現在,千人,712.0,
3,女,1,総人口,25000,滋賀県,1901,2024年10月1日現在,千人,710.0,
3,女,1,総人口,26000,京都府,1301,2021年10月1日現在,千人,1339.0,
3,女,1,総人口,26000,京都府,1701,2022年10月1日現在,千人,1333.0,
3,女,1,総人口,26000,京都府,1801,2023年10月1日現在,千人,1325.0,
3,女,1,総人口,26000,京都府,1901,2024年10月1日現在,千人,1317.0,
3,女,1,総人口,27000,大阪府,1301,2021年10月1日現在,千人,4590.0,
3,女,1,総人口,27000,大阪府,1701,2022年10月1日現在,千人,4580.0,
3,女,1,総人口,27000,大阪府,1801,2023年10月1日現在,千人,4572.0,
3,女,1,総人口,27000,大阪府,1901,2024年10月1日現在,千人,4572.0,
3,女,1,総人口,28000,兵庫県,1301,2021年10月1日現在,千人,2850.0,
3,女,1,総人口,28000,兵庫県,1701,2022年10月1日現在,千人,2835.0,
3,女,1,総人口,28000,兵庫県,1801,2023年10月1日現在,千人,2819.0,
3,女,1,総人口,28000,兵庫県,1901,2024年10月1日現在,千人,2802.0,
3,女,1,総人口,29000,奈良県,1301,2021年10月1日現在,千人,696.0,
3,女,1,総人口,29000,奈良県,1701,2022年10月1日現在,千人,691.0,
3,女,1,総人口,29000,奈良県,1801,2023年10月1日現在,千人,686.0,
3,女,1,総人口,29000,奈良県,1901,2024年10月1日現在,千人,681.0,
3,女,1,総人口,30000,和歌山県,1301,2021年10月1日現在,千人,483.0,
3,女,1,総人口,30000,和歌山県,1701,2022年10月1日現在,千人,477.0,
3,女,1,総人口,30000,和歌山県,1801,2023年10月1日現在,千人,471.0,
3,女,1,総人口,30000,和歌山県,1901,2024年10月1日現在,千人,465.0,
3,女,1,総人口,31000,鳥取県,1301,2021年10月1日現在,千人,286.0,
3,女,1,総人口,31000,鳥取県,1701,2022年10月1日現在,千人,284.0,
3,女,1,総人口,31000,鳥取県,1801,2023年10月1日現在,千人,280.0,
3,女,1,総人口,31000,鳥取県,1901,2024年10月1日現在,千人,277.0,
3,女,1,総人口,32000,島根県,1301,2021年10月1日現在,千人,343.0,
3,女,1,総人口,32000,島根県,1701,2022年10月1日現在,千人,340.0,
3,女,1,総人口,32000,島根県,1801,2023年10月1日現在,千人,335.0,
3,女,1,総人口,32000,島根県,1901,2024年10月1日現在,千人,331.0,
3,女,1,総人口,33000,岡山県,1301,2021年10月1日現在,千人,974.0,
3,女,1,総人口,33000,岡山県,1701,2022年10月1日現在,千人,966.0,
3,女,1,総人口,33000,岡山県,1801,2023年10月1日現在,千人,958.0,
3,女,1,総人口,33000,岡山県,1901,2024年10月1日現在,千人,950.0,
3,女,1,総人口,34000,広島県,1301,2021年10月1日現在,千人,1432.0,
3,女,1,総人口,34000,広島県,1701,2022年10月1日現在,千人,1422.0,
3,女,1,総人口,34000,広島県,1801,2023年10月1日現在,千人,1409.0,
3,女,1,総人口,34000,広島県,1901,2024年10月1日現在,千人,1396.0,
3,女,1,総人口,35000,山口県,1301,2021年10月1日現在,千人,697.0,
3,女,1,総人口,35000,山口県,1701,2022年10月1日現在,千人,689.0,
3,女,1,総人口,35000,山口県,1801,2023年10月1日現在,千人,680.0,
3,女,1,総人口,35000,山口県,1901,2024年10月1日現在,千人,671.0,
3,女,1,総人口,36000,徳島県,1301,2021年10月1日現在,千人,372.0,
3,女,1,総人口,36000,徳島県,1701,2022年10月1日現在,千人,368.0,
3,女,1,総人口,36000,徳島県,1801,2023年10月1日現在,千人,363.0,
3,女,1,総人口,36000,徳島県,1901,2024年10月1日現在,千人,358.0,
3,女,1,総人口,37000,香川県,1301,2021年10月1日現在,千人,487.0,
3,女,1,総人口,37000,香川県,1701,2022年10月1日現在,千人,483.0,
3,女,1,総人口,37000,香川県,1801,2023年10月1日現在,千人,478.0,
3,女,1,総人口,37000,香川県,1901,2024年10月1日現在,千人,473.0,
3,女,1,総人口,38000,愛媛県,1301,2021年10月1日現在,千人,694.0,
3,女,1,総人口,38000,愛媛県,1701,2022年10月1日現在,千人,686.0,
3,女,1,総人口,38000,愛媛県,1801,2023年10月1日現在,千人,678.0,
3,女,1,総人口,38000,愛媛県,1901,2024年10月1日現在,千人,669.0,
3,女,1,総人口,39000,高知県,1301,2021年10月1日現在,千人,361.0,
3,女,1,総人口,39000,高知県,1701,2022年10月1日現在,千人,356.0,
3,女,1,総人口,39000,高知県,1801,2023年10月1日現在,千人,351.0,
3,女,1,総人口,39000,高知県,1901,2024年10月1日現在,千人,345.0,
3,女,1,総人口,40000,福岡県,1301,2021年10月1日現在,千人,2698.0,
3,女,1,総人口,40000,福岡県,1701,2022年10月1日現在,千人,2693.0,
3,女,1,総人口,40000,福岡県,1801,2023年10月1日現在,千人,2685.0,
3,女,1,総人口,40000,福岡県,1901,2024年10月1日現在,千人,2678.0,
3,女,1,総人口,41000,佐賀県,1301,2021年10月1日現在,千人,424.0,
3,女,1,総人口,41000,佐賀県,1701,2022年10月1日現在,千人,421.0,
3,女,1,総人口,41000,佐賀県,1801,2023年10月1日現在,千人,417.0,
3,女,1,総人口,41000,佐賀県,1901,2024年10月1日現在,千人,414.0,
3,女,1,総人口,42000,長崎県,1301,2021年10月1日現在,千人,687.0,
3,女,1,総人口,42000,長崎県,1701,2022年10月1日現在,千人,679.0,
3,女,1,総人口,42000,長崎県,1801,2023年10月1日現在,千人,670.0,
3,女,1,総人口,42000,長崎県,1901,2024年10月1日現在,千人,661.0,
3,女,1,総人口,43000,熊本県,1301,2021年10月1日現在,千人,910.0,
3,女,1,総人口,43000,熊本県,1701,2022年10月1日現在,千人,904.0,
3,女,1,総人口,43000,熊本県,1801,2023年10月1日現在,千人,898.0,
3,女,1,総人口,43000,熊本県,1901,2024年10月1日現在,千人,891.0,
3,女,1,総人口,44000,大分県,1301,2021年10月1日現在,千人,585.0,
3,女,1,総人口,44000,大分県,1701,2022年10月1日現在,千人,581.0,
3,女,1,総人口,44000,大分県,1801,2023年10月1日現在,千人,575.0,
3,女,1,総人口,44000,大分県,1901,2024年10月1日現在,千人,568.0,
3,女,1,総人口,45000,宮崎県,1301,2021年10月1日現在,千人,560.0,
3,女,1,総人口,45000,宮崎県,1701,2022年10月1日現在,千人,555.0,
3,女,1,総人口,45000,宮崎県,1801,2023年10月1日現在,千人,550.0,
3,女,1,総人口,45000,宮崎県,1901,2024年10月1日現在,千人,545.0,
3,女,1,総人口,46000,鹿児島県,1301,2021年10月1日現在,千人,833.0,
3,女,1,総人口,46000,鹿児島県,1701,2022年10月1日現在,千人,825.0,
3,女,1,総人口,46000,鹿児島県,1801,2023年10月1日現在,千人,817.0,
3,女,1,総人口,46000,鹿児島県,1901,2024年10月1日現在,千人,807.0,
3,女,1,総人口,47000,沖縄県,1301,2021年10月1日現在,千人,745.0,
3,女,1,総人口,47000,沖縄県,1701,2022年10月1日現在,千人,746.0,
3,女,1,総人口,47000,沖縄県,1801,2023年10月1日現在,千人,745.0,
3,女,1,総人口,47000,沖縄県,1901,2024年10月1日現在,千人,744.0,
3,女,2,日本人人口,0,全国,1301,2021年10月1日現在,千人,63094.0,
3,女,2,日本人人口,0,全国,1701,2022年10月1日現在,千人,62717.0,
3,女,2,日本人人口,0,全国,1801,2023年10月1日現在,千人,62291.0,
3,女,2,日本人人口,0,全国,1901,2024年10月1日現在,千人,61846.0,
3,女,2,日本人人口,1000,北海道,1301,2021年10月1日現在,千人,2717.0,
3,女,2,日本人人口,1000,北海道,1701,2022年10月1日現在,千人,2692.0,
3,女,2,日本人人口,1000,北海道,1801,2023年10月1日現在,千人,2661.0,
3,女,2,日本人人口,1000,北海道,1901,2024年10月1日現在,千人,2629.0,
3,女,2,日本人人口,2000,青森県,1301,2021年10月1日現在,千人,642.0,
3,女,2,日本人人口,2000,青森県,1701,2022年10月1日現在,千人,633.0,
3,女,2,日本人人口,2000,青森県,1801,2023年10月1日現在,千人,622.0,
3,女,2,日本人人口,2000,青森県,1901,2024年10月1日現在,千人,611.0,
3,女,2,日本人人口,3000,岩手県,1301,2021年10月1日現在,千人,615.0,
3,女,2,日本人人口,3000,岩手県,1701,2022年10月1日現在,千人,606.0,
3,女,2,日本人人口,3000,岩手県,1801,2023年10月1日現在,千人,596.0,
3,女,2,日本人人口,3000,岩手県,1901,2024年10月1日現在,千人,586.0,
3,女,2,日本人人口,4000,宮城県,1301,2021年10月1日現在,千人,1162.0,
3,女,2,日本人人口,4000,宮城県,1701,2022年10月1日現在,千人,1156.0,
3,女,2,日本人人口,4000,宮城県,1801,2023年10月1日現在,千人,1147.0,
3,女,2,日本人人口,4000,宮城県,1901,2024年10月1日現在,千人,1137.0,
3,女,2,日本人人口,5000,秋田県,1301,2021年10月1日現在,千人,497.0,
3,女,2,日本人人口,5000,秋田県,1701,2022年10月1日現在,千人,488.0,
3,女,2,日本人人口,5000,秋田県,1801,2023年10月1日現在,千人,479.0,
3,女,2,日本人人口,5000,秋田県,1901,2024年10月1日現在,千人,469.0,
3,女,2,日本人人口,6000,山形県,1301,2021年10月1日現在,千人,540.0,
3,女,2,日本人人口,6000,山形県,1701,2022年10月1日現在,千人,532.0,
3,女,2,日本人人口,6000,山形県,1801,2023年10月1日現在,千人,523.0,
3,女,2,日本人人口,6000,山形県,1901,2024年10月1日現在,千人,514.0,
3,女,2,日本人人口,7000,福島県,1301,2021年10月1日現在,千人,911.0,
3,女,2,日本人人口,7000,福島県,1701,2022年10月1日現在,千人,898.0,
3,女,2,日本人人口,7000,福島県,1801,2023年10月1日現在,千人,885.0,
3,女,2,日本人人口,7000,福島県,1901,2024年10月1日現在,千人,872.0,
3,女,2,日本人人口,8000,茨城県,1301,2021年10月1日現在,千人,1396.0,
3,女,2,日本人人口,8000,茨城県,1701,2022年10月1日現在,千人,1387.0,
3,女,2,日本人人口,8000,茨城県,1801,2023年10月1日現在,千人,1375.0,
3,女,2,日本人人口,8000,茨城県,1901,2024年10月1日現在,千人,1362.0,
3,女,2,日本人人口,9000,栃木県,1301,2021年10月1日現在,千人,942.0,
3,女,2,日本人人口,9000,栃木県,1701,2022年10月1日現在,千人,934.0,
3,女,2,日本人人口,9000,栃木県,1801,2023年10月1日現在,千人,925.0,
3,女,2,日本人人口,9000,栃木県,1901,2024年10月1日現在,千人,916.0,
3,女,2,日本人人口,10000,群馬県,1301,2021年10月1日現在,千人,944.0,
3,女,2,日本人人口,10000,群馬県,1701,2022年10月1日現在,千人,936.0,
3,女,2,日本人人口,10000,群馬県,1801,2023年10月1日現在,千人,926.0,
3,女,2,日本人人口,10000,群馬県,1901,2024年10月1日現在,千人,917.0,
3,女,2,日本人人口,11000,埼玉県,1301,2021年10月1日現在,千人,3599.0,
3,女,2,日本人人口,11000,埼玉県,1701,2022年10月1日現在,千人,3594.0,
3,女,2,日本人人口,11000,埼玉県,1801,2023年10月1日現在,千人,3586.0,
3,女,2,日本人人口,11000,埼玉県,1901,2024年10月1日現在,千人,3574.0,
3,女,2,日本人人口,12000,千葉県,1301,2021年10月1日現在,千人,3081.0,
3,女,2,日本人人口,12000,千葉県,1701,2022年10月1日現在,千人,3076.0,
3,女,2,日本人人口,12000,千葉県,1801,2023年10月1日現在,千人,3068.0,
3,女,2,日本人人口,12000,千葉県,1901,2024年10月1日現在,千人,3059.0,
3,女,2,日本人人口,13000,東京都,1301,2021年10月1日現在,千人,6853.0,
3,女,2,日本人人口,13000,東京都,1701,2022年10月1日現在,千人,6848.0,
3,女,2,日本人人口,13000,東京都,1801,2023年10月1日現在,千人,6854.0,
3,女,2,日本人人口,13000,東京都,1901,2024年10月1日現在,千人,6864.0,
3,女,2,日本人人口,14000,神奈川県,1301,2021年10月1日現在,千人,4536.0,
3,女,2,日本人人口,14000,神奈川県,1701,2022年10月1日現在,千人,4531.0,
3,女,2,日本人人口,14000,神奈川県,1801,2023年10月1日現在,千人,4523.0,
3,女,2,日本人人口,14000,神奈川県,1901,2024年10月1日現在,千人,4512.0,
3,女,2,日本人人口,15000,新潟県,1301,2021年10月1日現在,千人,1110.0,
3,女,2,日本人人口,15000,新潟県,1701,2022年10月1日現在,千人,1097.0,
3,女,2,日本人人口,15000,新潟県,1801,2023年10月1日現在,千人,1082.0,
3,女,2,日本人人口,15000,新潟県,1901,2024年10月1日現在,千人,1066.0,
3,女,2,日本人人口,16000,富山県,1301,2021年10月1日現在,千人,518.0,
3,女,2,日本人人口,16000,富山県,1701,2022年10月1日現在,千人,513.0,
3,女,2,日本人人口,16000,富山県,1801,2023年10月1日現在,千人,507.0,
3,女,2,日本人人口,16000,富山県,1901,2024年10月1日現在,千人,500.0,
3,女,2,日本人人口,17000,石川県,1301,2021年10月1日現在,千人,572.0,
3,女,2,日本人人口,17000,石川県,1701,2022年10月1日現在,千人,568.0,
3,女,2,日本人人口,17000,石川県,1801,2023年10月1日現在,千人,562.0,
3,女,2,日本人人口,17000,石川県,1901,2024年10月1日現在,千人,556.0,
3,女,2,日本人人口,18000,福井県,1301,2021年10月1日現在,千人,381.0,
3,女,2,日本人人口,18000,福井県,1701,2022年10月1日現在,千人,377.0,
3,女,2,日本人人口,18000,福井県,1801,2023年10月1日現在,千人,372.0,
3,女,2,日本人人口,18000,福井県,1901,2024年10月1日現在,千人,368.0,
3,女,2,日本人人口,19000,山梨県,1301,2021年10月1日現在,千人,402.0,
3,女,2,日本人人口,19000,山梨県,1701,2022年10月1日現在,千人,398.0,
3,女,2,日本人人口,19000,山梨県,1801,2023年10月1日現在,千人,394.0,
3,女,2,日本人人口,19000,山梨県,1901,2024年10月1日現在,千人,391.0,
3,女,2,日本人人口,20000,長野県,1301,2021年10月1日現在,千人,1021.0,
3,女,2,日本人人口,20000,長野県,1701,2022年10月1日現在,千人,1012.0,
3,女,2,日本人人口,20000,長野県,1801,2023年10月1日現在,千人,1002.0,
3,女,2,日本人人口,20000,長野県,1901,2024年10月1日現在,千人,992.0,
3,女,2,日本人人口,21000,岐阜県,1301,2021年10月1日現在,千人,981.0,
3,女,2,日本人人口,21000,岐阜県,1701,2022年10月1日現在,千人,972.0,
3,女,2,日本人人口,21000,岐阜県,1801,2023年10月1日現在,千人,961.0,
3,女,2,日本人人口,21000,岐阜県,1901,2024年10月1日現在,千人,950.0,
3,女,2,日本人人口,22000,静岡県,1301,2021年10月1日現在,千人,1782.0,
3,女,2,日本人人口,22000,静岡県,1701,2022年10月1日現在,千人,1766.0,
3,女,2,日本人人口,22000,静岡県,1801,2023年10月1日現在,千人,1748.0,
3,女,2,日本人人口,22000,静岡県,1901,2024年10月1日現在,千人,1729.0,
3,女,2,日本人人口,23000,愛知県,1301,2021年10月1日現在,千人,3642.0,
3,女,2,日本人人口,23000,愛知県,1701,2022年10月1日現在,千人,3627.0,
3,女,2,日本人人口,23000,愛知県,1801,2023年10月1日現在,千人,3611.0,
3,女,2,日本人人口,23000,愛知県,1901,2024年10月1日現在,千人,3595.0,
3,女,2,日本人人口,24000,三重県,1301,2021年10月1日現在,千人,873.0,
3,女,2,日本人人口,24000,三重県,1701,2022年10月1日現在,千人,865.0,
3,女,2,日本人人口,24000,三重県,1801,2023年10月1日現在,千人,855.0,
3,女,2,日本人人口,24000,三重県,1901,2024年10月1日現在,千人,845.0,
3,女,2,日本人人口,25000,滋賀県,1301,2021年10月1日現在,千人,699.0,
3,女,2,日本人人口,25000,滋賀県,1701,2022年10月1日現在,千人,697.0,
3,女,2,日本人人口,25000,滋賀県,1801,2023年10月1日現在,千人,694.0,
3,女,2,日本人人口,25000,滋賀県,1901,2024年10月1日現在,千人,691.0,
3,女,2,日本人人口,26000,京都府,1301,2021年10月1日現在,千人,1310.0,
3,女,2,日本人人口,26000,京都府,1701,2022年10月1日現在,千人,1300.0,
3,女,2,日本人人口,26000,京都府,1801,2023年10月1日現在,千人,1290.0,
3,女,2,日本人人口,26000,京都府,1901,2024年10月1日現在,千人,1279.0,
3,女,2,日本人人口,27000,大阪府,1301,2021年10月1日現在,千人,4468.0,
3,女,2,日本人人口,27000,大阪府,1701,2022年10月1日現在,千人,4450.0,
3,女,2,日本人人口,27000,大阪府,1801,2023年10月1日現在,千人,4435.0,
3,女,2,日本人人口,27000,大阪府,1901,2024年10月1日現在,千人,4421.0,
3,女,2,日本人人口,28000,兵庫県,1301,2021年10月1日現在,千人,2795.0,
3,女,2,日本人人口,28000,兵庫県,1701,2022年10月1日現在,千人,2777.0,
3,女,2,日本人人口,28000,兵庫県,1801,2023年10月1日現在,千人,2758.0,
3,女,2,日本人人口,28000,兵庫県,1901,2024年10月1日現在,千人,2737.0,
3,女,2,日本人人口,29000,奈良県,1301,2021年10月1日現在,千人,689.0,
3,女,2,日本人人口,29000,奈良県,1701,2022年10月1日現在,千人,684.0,
3,女,2,日本人人口,29000,奈良県,1801,2023年10月1日現在,千人,678.0,
3,女,2,日本人人口,29000,奈良県,1901,2024年10月1日現在,千人,672.0,
3,女,2,日本人人口,30000,和歌山県,1301,2021年10月1日現在,千人,479.0,
3,女,2,日本人人口,30000,和歌山県,1701,2022年10月1日現在,千人,473.0,
3,女,2,日本人人口,30000,和歌山県,1801,2023年10月1日現在,千人,467.0,
3,女,2,日本人人口,30000,和歌山県,1901,2024年10月1日現在,千人,460.0,
3,女,2,日本人人口,31000,鳥取県,1301,2021年10月1日現在,千人,283.0,
3,女,2,日本人人口,31000,鳥取県,1701,2022年10月1日現在,千人,281.0,
3,女,2,日本人人口,31000,鳥取県,1801,2023年10月1日現在,千人,277.0,
3,女,2,日本人人口,31000,鳥取県,1901,2024年10月1日現在,千人,273.0,
3,女,2,日本人人口,32000,島根県,1301,2021年10月1日現在,千人,338.0,
3,女,2,日本人人口,32000,島根県,1701,2022年10月1日現在,千人,334.0,
3,女,2,日本人人口,32000,島根県,1801,2023年10月1日現在,千人,330.0,
3,女,2,日本人人口,32000,島根県,1901,2024年10月1日現在,千人,325.0,
3,女,2,日本人人口,33000,岡山県,1301,2021年10月1日現在,千人,959.0,
3,女,2,日本人人口,33000,岡山県,1701,2022年10月1日現在,千人,951.0,
3,女,2,日本人人口,33000,岡山県,1801,2023年10月1日現在,千人,942.0,
3,女,2,日本人人口,33000,岡山県,1901,2024年10月1日現在,千人,932.0,
3,女,2,日本人人口,34000,広島県,1301,2021年10月1日現在,千人,1407.0,
3,女,2,日本人人口,34000,広島県,1701,2022年10月1日現在,千人,1396.0,
3,女,2,日本人人口,34000,広島県,1801,2023年10月1日現在,千人,1383.0,
3,女,2,日本人人口,34000,広島県,1901,2024年10月1日現在,千人,1369.0,
3,女,2,日本人人口,35000,山口県,1301,2021年10月1日現在,千人,689.0,
3,女,2,日本人人口,35000,山口県,1701,2022年10月1日現在,千人,681.0,
3,女,2,日本人人口,35000,山口県,1801,2023年10月1日現在,千人,671.0,
3,女,2,日本人人口,35000,山口県,1901,2024年10月1日現在,千人,661.0,
3,女,2,日本人人口,36000,徳島県,1301,2021年10月1日現在,千人,368.0,
3,女,2,日本人人口,36000,徳島県,1701,2022年10月1日現在,千人,364.0,
3,女,2,日本人人口,36000,徳島県,1801,2023年10月1日現在,千人,359.0,
3,女,2,日本人人口,36000,徳島県,1901,2024年10月1日現在,千人,353.0,
3,女,2,日本人人口,37000,香川県,1301,2021年10月1日現在,千人,481.0,
3,女,2,日本人人口,37000,香川県,1701,2022年10月1日現在,千人,476.0,
3,女,2,日本人人口,37000,香川県,1801,2023年10月1日現在,千人,470.0,
3,女,2,日本人人口,37000,香川県,1901,2024年10月1日現在,千人,465.0,
3,女,2,日本人人口,38000,愛媛県,1301,2021年10月1日現在,千人,688.0,
3,女,2,日本人人口,38000,愛媛県,1701,2022年10月1日現在,千人,680.0,
3,女,2,日本人人口,38000,愛媛県,1801,2023年10月1日現在,千人,671.0,
3,女,2,日本人人口,38000,愛媛県,1901,2024年10月1日現在,千人,661.0,
3,女,2,日本人人口,39000,高知県,1301,2021年10月1日現在,千人,359.0,
3,女,2,日本人人口,39000,高知県,1701,2022年10月1日現在,千人,354.0,
3,女,2,日本人人口,39000,高知県,1801,2023年10月1日現在,千人,348.0,
3,女,2,日本人人口,39000,高知県,1901,2024年10月1日現在,千人,342.0,
3,女,2,日本人人口,40000,福岡県,1301,2021年10月1日現在,千人,2661.0,
3,女,2,日本人人口,40000,福岡県,1701,2022年10月1日現在,千人,2653.0,
3,女,2,日本人人口,40000,福岡県,1801,2023年10月1日現在,千人,2642.0,
3,女,2,日本人人口,40000,福岡県,1901,2024年10月1日現在,千人,2630.0,
3,女,2,日本人人口,41000,佐賀県,1301,2021年10月1日現在,千人,420.0,
3,女,2,日本人人口,41000,佐賀県,1701,2022年10月1日現在,千人,417.0,
3,女,2,日本人人口,41000,佐賀県,1801,2023年10月1日現在,千人,412.0,
3,女,2,日本人人口,41000,佐賀県,1901,2024年10月1日現在,千人,408.0,
3,女,2,日本人人口,42000,長崎県,1301,2021年10月1日現在,千人,682.0,
3,女,2,日本人人口,42000,長崎県,1701,2022年10月1日現在,千人,674.0,
3,女,2,日本人人口,42000,長崎県,1801,2023年10月1日現在,千人,663.0,
3,女,2,日本人人口,42000,長崎県,1901,2024年10月1日現在,千人,654.0,
3,女,2,日本人人口,43000,熊本県,1301,2021年10月1日現在,千人,901.0,
3,女,2,日本人人口,43000,熊本県,1701,2022年10月1日現在,千人,894.0,
3,女,2,日本人人口,43000,熊本県,1801,2023年10月1日現在,千人,885.0,
3,女,2,日本人人口,43000,熊本県,1901,2024年10月1日現在,千人,877.0,
3,女,2,日本人人口,44000,大分県,1301,2021年10月1日現在,千人,579.0,
3,女,2,日本人人口,44000,大分県,1701,2022年10月1日現在,千人,573.0,
3,女,2,日本人人口,44000,大分県,1801,2023年10月1日現在,千人,566.0,
3,女,2,日本人人口,44000,大分県,1901,2024年10月1日現在,千人,559.0,
3,女,2,日本人人口,45000,宮崎県,1301,2021年10月1日現在,千人,556.0,
3,女,2,日本人人口,45000,宮崎県,1701,2022年10月1日現在,千人,551.0,
3,女,2,日本人人口,45000,宮崎県,1801,2023年10月1日現在,千人,544.0,
3,女,2,日本人人口,45000,宮崎県,1901,2024年10月1日現在,千人,538.0,
3,女,2,日本人人口,46000,鹿児島県,1301,2021年10月1日現在,千人,826.0,
3,女,2,日本人人口,46000,鹿児島県,1701,2022年10月1日現在,千人,817.0,
3,女,2,日本人人口,46000,鹿児島県,1801,2023年10月1日現在,千人,807.0,
3,女,2,日本人人口,46000,鹿児島県,1901,2024年10月1日現在,千人,796.0,
3,女,2,日本人人口,47000,沖縄県,1301,2021年10月1日現在,千人,737.0,
3,女,2,日本人人口,47000,沖縄県,1701,2022年10月1日現在,千人,736.0,
3,女,2,日本人人口,47000,沖縄県,1801,2023年10月1日現在,千人,734.0,
3,女,2,日本人人口,47000,沖縄県,1901,2024年10月1日現在,千人,732.0,
4,人口性比,1,総人口,0,全国,1301,2021年10月1日現在,女性＝100,94.6,
4,人口性比,1,総人口,0,全国,1701,2022年10月1日現在,女性＝100,94.7,
4,人口性比,1,総人口,0,全国,1801,2023年10月1日現在,女性＝100,94.7,
4,人口性比,1,総人口,0,全国,1901,2024年10月1日現在,女性＝100,94.8,
4,人口性比,1,総人口,1000,北海道,1301,2021年10月1日現在,女性＝100,89.4,
4,人口性比,1,総人口,1000,北海道,1701,2022年10月1日現在,女性＝100,89.4,
4,人口性比,1,総人口,1000,北海道,1801,2023年10月1日現在,女性＝100,89.5,
4,人口性比,1,総人口,1000,北海道,1901,2024年10月1日現在,女性＝100,89.5,
4,人口性比,1,総人口,2000,青森県,1301,2021年10月1日現在,女性＝100,89.1,
4,人口性比,1,総人口,2000,青森県,1701,2022年10月1日現在,女性＝100,89.2,
4,人口性比,1,総人口,2000,青森県,1801,2023年10月1日現在,女性＝100,89.3,
4,人口性比,1,総人口,2000,青森県,1901,2024年10月1日現在,女性＝100,89.3,
4,人口性比,1,総人口,3000,岩手県,1301,2021年10月1日現在,女性＝100,93.0,
4,人口性比,1,総人口,3000,岩手県,1701,2022年10月1日現在,女性＝100,93.3,
4,人口性比,1,総人口,3000,岩手県,1801,2023年10月1日現在,女性＝100,93.3,
4,人口性比,1,総人口,3000,岩手県,1901,2024年10月1日現在,女性＝100,93.4,
4,人口性比,1,総人口,4000,宮城県,1301,2021年10月1日現在,女性＝100,95.2,
4,人口性比,1,総人口,4000,宮城県,1701,2022年10月1日現在,女性＝100,95.2,
4,人口性比,1,総人口,4000,宮城県,1801,2023年10月1日現在,女性＝100,95.2,
4,人口性比,1,総人口,4000,宮城県,1901,2024年10月1日現在,女性＝100,95.2,
4,人口性比,1,総人口,5000,秋田県,1301,2021年10月1日現在,女性＝100,89.3,
4,人口性比,1,総人口,5000,秋田県,1701,2022年10月1日現在,女性＝100,89.5,
4,人口性比,1,総人口,5000,秋田県,1801,2023年10月1日現在,女性＝100,89.6,
4,人口性比,1,総人口,5000,秋田県,1901,2024年10月1日現在,女性＝100,89.7,
4,人口性比,1,総人口,6000,山形県,1301,2021年10月1日現在,女性＝100,93.8,
4,人口性比,1,総人口,6000,山形県,1701,2022年10月1日現在,女性＝100,94.1,
4,人口性比,1,総人口,6000,山形県,1801,2023年10月1日現在,女性＝100,94.2,
4,人口性比,1,総人口,6000,山形県,1901,2024年10月1日現在,女性＝100,94.3,
4,人口性比,1,総人口,7000,福島県,1301,2021年10月1日現在,女性＝100,97.4,
4,人口性比,1,総人口,7000,福島県,1701,2022年10月1日現在,女性＝100,97.6,
4,人口性比,1,総人口,7000,福島県,1801,2023年10月1日現在,女性＝100,97.7,
4,人口性比,1,総人口,7000,福島県,1901,2024年10月1日現在,女性＝100,97.7,
4,人口性比,1,総人口,8000,茨城県,1301,2021年10月1日現在,女性＝100,99.6,
4,人口性比,1,総人口,8000,茨城県,1701,2022年10月1日現在,女性＝100,99.7,
4,人口性比,1,総人口,8000,茨城県,1801,2023年10月1日現在,女性＝100,100.0,
4,人口性比,1,総人口,8000,茨城県,1901,2024年10月1日現在,女性＝100,100.1,
4,人口性比,1,総人口,9000,栃木県,1301,2021年10月1日現在,女性＝100,99.5,
4,人口性比,1,総人口,9000,栃木県,1701,2022年10月1日現在,女性＝100,99.6,
4,人口性比,1,総人口,9000,栃木県,1801,2023年10月1日現在,女性＝100,99.8,
4,人口性比,1,総人口,9000,栃木県,1901,2024年10月1日現在,女性＝100,100.0,
4,人口性比,1,総人口,10000,群馬県,1301,2021年10月1日現在,女性＝100,97.9,
4,人口性比,1,総人口,10000,群馬県,1701,2022年10月1日現在,女性＝100,98.0,
4,人口性比,1,総人口,10000,群馬県,1801,2023年10月1日現在,女性＝100,98.2,
4,人口性比,1,総人口,10000,群馬県,1901,2024年10月1日現在,女性＝100,98.3,
4,人口性比,1,総人口,11000,埼玉県,1301,2021年10月1日現在,女性＝100,98.7,
4,人口性比,1,総人口,11000,埼玉県,1701,2022年10月1日現在,女性＝100,98.6,
4,人口性比,1,総人口,11000,埼玉県,1801,2023年10月1日現在,女性＝100,98.6,
4,人口性比,1,総人口,11000,埼玉県,1901,2024年10月1日現在,女性＝100,98.6,
4,人口性比,1,総人口,12000,千葉県,1301,2021年10月1日現在,女性＝100,98.3,
4,人口性比,1,総人口,12000,千葉県,1701,2022年10月1日現在,女性＝100,98.2,
4,人口性比,1,総人口,12000,千葉県,1801,2023年10月1日現在,女性＝100,98.1,
4,人口性比,1,総人口,12000,千葉県,1901,2024年10月1日現在,女性＝100,98.0,
4,人口性比,1,総人口,13000,東京都,1301,2021年10月1日現在,女性＝100,96.4,
4,人口性比,1,総人口,13000,東京都,1701,2022年10月1日現在,女性＝100,96.4,
4,人口性比,1,総人口,13000,東京都,1801,2023年10月1日現在,女性＝100,96.4,
4,人口性比,1,総人口,13000,東京都,1901,2024年10月1日現在,女性＝100,96.4,
4,人口性比,1,総人口,14000,神奈川県,1301,2021年10月1日現在,女性＝100,98.5,
4,人口性比,1,総人口,14000,神奈川県,1701,2022年10月1日現在,女性＝100,98.4,
4,人口性比,1,総人口,14000,神奈川県,1801,2023年10月1日現在,女性＝100,98.4,
4,人口性比,1,総人口,14000,神奈川県,1901,2024年10月1日現在,女性＝100,98.4,
4,人口性比,1,総人口,15000,新潟県,1301,2021年10月1日現在,女性＝100,94.4,
4,人口性比,1,総人口,15000,新潟県,1701,2022年10月1日現在,女性＝100,94.5,
4,人口性比,1,総人口,15000,新潟県,1801,2023年10月1日現在,女性＝100,94.7,
4,人口性比,1,総人口,15000,新潟県,1901,2024年10月1日現在,女性＝100,94.7,
4,人口性比,1,総人口,16000,富山県,1301,2021年10月1日現在,女性＝100,94.5,
4,人口性比,1,総人口,16000,富山県,1701,2022年10月1日現在,女性＝100,94.8,
4,人口性比,1,総人口,16000,富山県,1801,2023年10月1日現在,女性＝100,95.0,
4,人口性比,1,総人口,16000,富山県,1901,2024年10月1日現在,女性＝100,95.2,
4,人口性比,1,総人口,17000,石川県,1301,2021年10月1日現在,女性＝100,94.3,
4,人口性比,1,総人口,17000,石川県,1701,2022年10月1日現在,女性＝100,94.4,
4,人口性比,1,総人口,17000,石川県,1801,2023年10月1日現在,女性＝100,94.5,
4,人口性比,1,総人口,17000,石川県,1901,2024年10月1日現在,女性＝100,94.6,
4,人口性比,1,総人口,18000,福井県,1301,2021年10月1日現在,女性＝100,95.3,
4,人口性比,1,総人口,18000,福井県,1701,2022年10月1日現在,女性＝100,95.6,
4,人口性比,1,総人口,18000,福井県,1801,2023年10月1日現在,女性＝100,95.7,
4,人口性比,1,総人口,18000,福井県,1901,2024年10月1日現在,女性＝100,95.8,
4,人口性比,1,総人口,19000,山梨県,1301,2021年10月1日現在,女性＝100,96.4,
4,人口性比,1,総人口,19000,山梨県,1701,2022年10月1日現在,女性＝100,96.6,
4,人口性比,1,総人口,19000,山梨県,1801,2023年10月1日現在,女性＝100,96.8,
4,人口性比,1,総人口,19000,山梨県,1901,2024年10月1日現在,女性＝100,96.9,
4,人口性比,1,総人口,20000,長野県,1301,2021年10月1日現在,女性＝100,95.6,
4,人口性比,1,総人口,20000,長野県,1701,2022年10月1日現在,女性＝100,95.7,
4,人口性比,1,総人口,20000,長野県,1801,2023年10月1日現在,女性＝100,96.0,
4,人口性比,1,総人口,20000,長野県,1901,2024年10月1日現在,女性＝100,96.0,
4,人口性比,1,総人口,21000,岐阜県,1301,2021年10月1日現在,女性＝100,94.3,
4,人口性比,1,総人口,21000,岐阜県,1701,2022年10月1日現在,女性＝100,94.4,
4,人口性比,1,総人口,21000,岐阜県,1801,2023年10月1日現在,女性＝100,94.4,
4,人口性比,1,総人口,21000,岐阜県,1901,2024年10月1日現在,女性＝100,94.4,
4,人口性比,1,総人口,22000,静岡県,1301,2021年10月1日現在,女性＝100,97.2,
4,人口性比,1,総人口,22000,静岡県,1701,2022年10月1日現在,女性＝100,97.3,
4,人口性比,1,総人口,22000,静岡県,1801,2023年10月1日現在,女性＝100,97.4,
4,人口性比,1,総人口,22000,静岡県,1901,2024年10月1日現在,女性＝100,97.4,
4,人口性比,1,総人口,23000,愛知県,1301,2021年10月1日現在,女性＝100,99.3,
4,人口性比,1,総人口,23000,愛知県,1701,2022年10月1日現在,女性＝100,99.3,
4,人口性比,1,総人口,23000,愛知県,1801,2023年10月1日現在,女性＝100,99.3,
4,人口性比,1,総人口,23000,愛知県,1901,2024年10月1日現在,女性＝100,99.3,
4,人口性比,1,総人口,24000,三重県,1301,2021年10月1日現在,女性＝100,95.4,
4,人口性比,1,総人口,24000,三重県,1701,2022年10月1日現在,女性＝100,95.6,
4,人口性比,1,総人口,24000,三重県,1801,2023年10月1日現在,女性＝100,95.7,
4,人口性比,1,総人口,24000,三重県,1901,2024年10月1日現在,女性＝100,95.7,
4,人口性比,1,総人口,25000,滋賀県,1301,2021年10月1日現在,女性＝100,97.3,
4,人口性比,1,総人口,25000,滋賀県,1701,2022年10月1日現在,女性＝100,97.4,
4,人口性比,1,総人口,25000,滋賀県,1801,2023年10月1日現在,女性＝100,97.5,
4,人口性比,1,総人口,25000,滋賀県,1901,2024年10月1日現在,女性＝100,97.6,
4,人口性比,1,総人口,26000,京都府,1301,2021年10月1日現在,女性＝100,91.3,
4,人口性比,1,総人口,26000,京都府,1701,2022年10月1日現在,女性＝100,91.3,
4,人口性比,1,総人口,26000,京都府,1801,2023年10月1日現在,女性＝100,91.3,
4,人口性比,1,総人口,26000,京都府,1901,2024年10月1日現在,女性＝100,91.3,
4,人口性比,1,総人口,27000,大阪府,1301,2021年10月1日現在,女性＝100,91.9,
4,人口性比,1,総人口,27000,大阪府,1701,2022年10月1日現在,女性＝100,91.7,
4,人口性比,1,総人口,27000,大阪府,1801,2023年10月1日現在,女性＝100,91.7,
4,人口性比,1,総人口,27000,大阪府,1901,2024年10月1日現在,女性＝100,91.5,
4,人口性比,1,総人口,28000,兵庫県,1301,2021年10月1日現在,女性＝100,90.6,
4,人口性比,1,総人口,28000,兵庫県,1701,2022年10月1日現在,女性＝100,90.5,
4,人口性比,1,総人口,28000,兵庫県,1801,2023年10月1日現在,女性＝100,90.5,
4,人口性比,1,総人口,28000,兵庫県,1901,2024年10月1日現在,女性＝100,90.4,
4,人口性比,1,総人口,29000,奈良県,1301,2021年10月1日現在,女性＝100,89.0,
4,人口性比,1,総人口,29000,奈良県,1701,2022年10月1日現在,女性＝100,88.9,
4,人口性比,1,総人口,29000,奈良県,1801,2023年10月1日現在,女性＝100,88.8,
4,人口性比,1,総人口,29000,奈良県,1901,2024年10月1日現在,女性＝100,88.7,
4,人口性比,1,総人口,30000,和歌山県,1301,2021年10月1日現在,女性＝100,89.2,
4,人口性比,1,総人口,30000,和歌山県,1701,2022年10月1日現在,女性＝100,89.2,
4,人口性比,1,総人口,30000,和歌山県,1801,2023年10月1日現在,女性＝100,89.2,
4,人口性比,1,総人口,30000,和歌山県,1901,2024年10月1日現在,女性＝100,89.2,
4,人口性比,1,総人口,31000,鳥取県,1301,2021年10月1日現在,女性＝100,91.6,
4,人口性比,1,総人口,31000,鳥取県,1701,2022年10月1日現在,女性＝100,91.7,
4,人口性比,1,総人口,31000,鳥取県,1801,2023年10月1日現在,女性＝100,91.9,
4,人口性比,1,総人口,31000,鳥取県,1901,2024年10月1日現在,女性＝100,91.8,
4,人口性比,1,総人口,32000,島根県,1301,2021年10月1日現在,女性＝100,93.7,
4,人口性比,1,総人口,32000,島根県,1701,2022年10月1日現在,女性＝100,93.8,
4,人口性比,1,総人口,32000,島根県,1801,2023年10月1日現在,女性＝100,93.8,
4,人口性比,1,総人口,32000,島根県,1901,2024年10月1日現在,女性＝100,94.0,
4,人口性比,1,総人口,33000,岡山県,1301,2021年10月1日現在,女性＝100,92.6,
4,人口性比,1,総人口,33000,岡山県,1701,2022年10月1日現在,女性＝100,92.7,
4,人口性比,1,総人口,33000,岡山県,1801,2023年10月1日現在,女性＝100,92.7,
4,人口性比,1,総人口,33000,岡山県,1901,2024年10月1日現在,女性＝100,92.8,
4,人口性比,1,総人口,34000,広島県,1301,2021年10月1日現在,女性＝100,94.1,
4,人口性比,1,総人口,34000,広島県,1701,2022年10月1日現在,女性＝100,94.1,
4,人口性比,1,総人口,34000,広島県,1801,2023年10月1日現在,女性＝100,94.3,
4,人口性比,1,総人口,34000,広島県,1901,2024年10月1日現在,女性＝100,94.4,
4,人口性比,1,総人口,35000,山口県,1301,2021年10月1日現在,女性＝100,90.5,
4,人口性比,1,総人口,35000,山口県,1701,2022年10月1日現在,女性＝100,90.6,
4,人口性比,1,総人口,35000,山口県,1801,2023年10月1日現在,女性＝100,90.8,
4,人口性比,1,総人口,35000,山口県,1901,2024年10月1日現在,女性＝100,91.0,
4,人口性比,1,総人口,36000,徳島県,1301,2021年10月1日現在,女性＝100,91.4,
4,人口性比,1,総人口,36000,徳島県,1701,2022年10月1日現在,女性＝100,91.5,
4,人口性比,1,総人口,36000,徳島県,1801,2023年10月1日現在,女性＝100,91.7,
4,人口性比,1,総人口,36000,徳島県,1901,2024年10月1日現在,女性＝100,91.7,
4,人口性比,1,総人口,37000,香川県,1301,2021年10月1日現在,女性＝100,93.4,
4,人口性比,1,総人口,37000,香川県,1701,2022年10月1日現在,女性＝100,93.5,
4,人口性比,1,総人口,37000,香川県,1801,2023年10月1日現在,女性＝100,93.7,
4,人口性比,1,総人口,37000,香川県,1901,2024年10月1日現在,女性＝100,93.9,
4,人口性比,1,総人口,38000,愛媛県,1301,2021年10月1日現在,女性＝100,90.2,
4,人口性比,1,総人口,38000,愛媛県,1701,2022年10月1日現在,女性＝100,90.4,
4,人口性比,1,総人口,38000,愛媛県,1801,2023年10月1日現在,女性＝100,90.5,
4,人口性比,1,総人口,38000,愛媛県,1901,2024年10月1日現在,女性＝100,90.6,
4,人口性比,1,総人口,39000,高知県,1301,2021年10月1日現在,女性＝100,89.5,
4,人口性比,1,総人口,39000,高知県,1701,2022年10月1日現在,女性＝100,89.7,
4,人口性比,1,総人口,39000,高知県,1801,2023年10月1日現在,女性＝100,90.0,
4,人口性比,1,総人口,39000,高知県,1901,2024年10月1日現在,女性＝100,90.1,
4,人口性比,1,総人口,40000,福岡県,1301,2021年10月1日現在,女性＝100,89.9,
4,人口性比,1,総人口,40000,福岡県,1701,2022年10月1日現在,女性＝100,90.0,
4,人口性比,1,総人口,40000,福岡県,1801,2023年10月1日現在,女性＝100,90.1,
4,人口性比,1,総人口,40000,福岡県,1901,2024年10月1日現在,女性＝100,90.1,
4,人口性比,1,総人口,41000,佐賀県,1301,2021年10月1日現在,女性＝100,90.1,
4,人口性比,1,総人口,41000,佐賀県,1701,2022年10月1日現在,女性＝100,90.3,
4,人口性比,1,総人口,41000,佐賀県,1801,2023年10月1日現在,女性＝100,90.4,
4,人口性比,1,総人口,41000,佐賀県,1901,2024年10月1日現在,女性＝100,90.5,
4,人口性比,1,総人口,42000,長崎県,1301,2021年10月1日現在,女性＝100,88.8,
4,人口性比,1,総人口,42000,長崎県,1701,2022年10月1日現在,女性＝100,88.9,
4,人口性比,1,総人口,42000,長崎県,1801,2023年10月1日現在,女性＝100,89.2,
4,人口性比,1,総人口,42000,長崎県,1901,2024年10月1日現在,女性＝100,89.5,
4,人口性比,1,総人口,43000,熊本県,1301,2021年10月1日現在,女性＝100,89.9,
4,人口性比,1,総人口,43000,熊本県,1701,2022年10月1日現在,女性＝100,90.1,
4,人口性比,1,総人口,43000,熊本県,1801,2023年10月1日現在,女性＝100,90.3,
4,人口性比,1,総人口,43000,熊本県,1901,2024年10月1日現在,女性＝100,90.4,
4,人口性比,1,総人口,44000,大分県,1301,2021年10月1日現在,女性＝100,90.4,
4,人口性比,1,総人口,44000,大分県,1701,2022年10月1日現在,女性＝100,90.6,
4,人口性比,1,総人口,44000,大分県,1801,2023年10月1日現在,女性＝100,90.8,
4,人口性比,1,総人口,44000,大分県,1901,2024年10月1日現在,女性＝100,90.9,
4,人口性比,1,総人口,45000,宮崎県,1301,2021年10月1日現在,女性＝100,89.5,
4,人口性比,1,総人口,45000,宮崎県,1701,2022年10月1日現在,女性＝100,89.5,
4,人口性比,1,総人口,45000,宮崎県,1801,2023年10月1日現在,女性＝100,89.6,
4,人口性比,1,総人口,45000,宮崎県,1901,2024年10月1日現在,女性＝100,89.7,
4,人口性比,1,総人口,46000,鹿児島県,1301,2021年10月1日現在,女性＝100,89.3,
4,人口性比,1,総人口,46000,鹿児島県,1701,2022年10月1日現在,女性＝100,89.5,
4,人口性比,1,総人口,46000,鹿児島県,1801,2023年10月1日現在,女性＝100,89.6,
4,人口性比,1,総人口,46000,鹿児島県,1901,2024年10月1日現在,女性＝100,89.7,
4,人口性比,1,総人口,47000,沖縄県,1301,2021年10月1日現在,女性＝100,97.0,
4,人口性比,1,総人口,47000,沖縄県,1701,2022年10月1日現在,女性＝100,96.9,
4,人口性比,1,総人口,47000,沖縄県,1801,2023年10月1日現在,女性＝100,97.0,
4,人口性比,1,総人口,47000,沖縄県,1901,2024年10月1日現在,女性＝100,97.0,
4,人口性比,2,日本人人口,0,全国,1301,2021年10月1日現在,女性＝100,94.6,
4,人口性比,2,日本人人口,0,全国,1701,2022年10月1日現在,女性＝100,94.6,
4,人口性比,2,日本人人口,0,全国,1801,2023年10月1日現在,女性＝100,94.6,
4,人口性比,2,日本人人口,0,全国,1901,2024年10月1日現在,女性＝100,94.5,
4,人口性比,2,日本人人口,1000,北海道,1301,2021年10月1日現在,女性＝100,89.4,
4,人口性比,2,日本人人口,1000,北海道,1701,2022年10月1日現在,女性＝100,89.4,
4,人口性比,2,日本人人口,1000,北海道,1801,2023年10月1日現在,女性＝100,89.4,
4,人口性比,2,日本人人口,1000,北海道,1901,2024年10月1日現在,女性＝100,89.4,
4,人口性比,2,日本人人口,2000,青森県,1301,2021年10月1日現在,女性＝100,89.3,
4,人口性比,2,日本人人口,2000,青森県,1701,2022年10月1日現在,女性＝100,89.4,
4,人口性比,2,日本人人口,2000,青森県,1801,2023年10月1日現在,女性＝100,89.4,
4,人口性比,2,日本人人口,2000,青森県,1901,2024年10月1日現在,女性＝100,89.3,
4,人口性比,2,日本人人口,3000,岩手県,1301,2021年10月1日現在,女性＝100,93.3,
4,人口性比,2,日本人人口,3000,岩手県,1701,2022年10月1日現在,女性＝100,93.4,
4,人口性比,2,日本人人口,3000,岩手県,1801,2023年10月1日現在,女性＝100,93.5,
4,人口性比,2,日本人人口,3000,岩手県,1901,2024年10月1日現在,女性＝100,93.6,
4,人口性比,2,日本人人口,4000,宮城県,1301,2021年10月1日現在,女性＝100,95.2,
4,人口性比,2,日本人人口,4000,宮城県,1701,2022年10月1日現在,女性＝100,95.2,
4,人口性比,2,日本人人口,4000,宮城県,1801,2023年10月1日現在,女性＝100,95.2,
4,人口性比,2,日本人人口,4000,宮城県,1901,2024年10月1日現在,女性＝100,95.1,
4,人口性比,2,日本人人口,5000,秋田県,1301,2021年10月1日現在,女性＝100,89.5,
4,人口性比,2,日本人人口,5000,秋田県,1701,2022年10月1日現在,女性＝100,89.6,
4,人口性比,2,日本人人口,5000,秋田県,1801,2023年10月1日現在,女性＝100,89.8,
4,人口性比,2,日本人人口,5000,秋田県,1901,2024年10月1日現在,女性＝100,89.9,
4,人口性比,2,日本人人口,6000,山形県,1301,2021年10月1日現在,女性＝100,94.1,
4,人口性比,2,日本人人口,6000,山形県,1701,2022年10月1日現在,女性＝100,94.3,
4,人口性比,2,日本人人口,6000,山形県,1801,2023年10月1日現在,女性＝100,94.5,
4,人口性比,2,日本人人口,6000,山形県,1901,2024年10月1日現在,女性＝100,94.6,
4,人口性比,2,日本人人口,7000,福島県,1301,2021年10月1日現在,女性＝100,97.5,
4,人口性比,2,日本人人口,7000,福島県,1701,2022年10月1日現在,女性＝100,97.7,
4,人口性比,2,日本人人口,7000,福島県,1801,2023年10月1日現在,女性＝100,97.7,
4,人口性比,2,日本人人口,7000,福島県,1901,2024年10月1日現在,女性＝100,97.8,
4,人口性比,2,日本人人口,8000,茨城県,1301,2021年10月1日現在,女性＝100,99.5,
4,人口性比,2,日本人人口,8000,茨城県,1701,2022年10月1日現在,女性＝100,99.5,
4,人口性比,2,日本人人口,8000,茨城県,1801,2023年10月1日現在,女性＝100,99.6,
4,人口性比,2,日本人人口,8000,茨城県,1901,2024年10月1日現在,女性＝100,99.5,
4,人口性比,2,日本人人口,9000,栃木県,1301,2021年10月1日現在,女性＝100,99.6,
4,人口性比,2,日本人人口,9000,栃木県,1701,2022年10月1日現在,女性＝100,99.6,
4,人口性比,2,日本人人口,9000,栃木県,1801,2023年10月1日現在,女性＝100,99.7,
4,人口性比,2,日本人人口,9000,栃木県,1901,2024年10月1日現在,女性＝100,99.7,
4,人口性比,2,日本人人口,10000,群馬県,1301,2021年10月1日現在,女性＝100,97.6,
4,人口性比,2,日本人人口,10000,群馬県,1701,2022年10月1日現在,女性＝100,97.7,
4,人口性比,2,日本人人口,10000,群馬県,1801,2023年10月1日現在,女性＝100,97.7,
4,人口性比,2,日本人人口,10000,群馬県,1901,2024年10月1日現在,女性＝100,97.6,
4,人口性比,2,日本人人口,11000,埼玉県,1301,2021年10月1日現在,女性＝100,98.7,
4,人口性比,2,日本人人口,11000,埼玉県,1701,2022年10月1日現在,女性＝100,98.5,
4,人口性比,2,日本人人口,11000,埼玉県,1801,2023年10月1日現在,女性＝100,98.4,
4,人口性比,2,日本人人口,11000,埼玉県,1901,2024年10月1日現在,女性＝100,98.2,
4,人口性比,2,日本人人口,12000,千葉県,1301,2021年10月1日現在,女性＝100,98.5,
4,人口性比,2,日本人人口,12000,千葉県,1701,2022年10月1日現在,女性＝100,98.3,
4,人口性比,2,日本人人口,12000,千葉県,1801,2023年10月1日現在,女性＝100,98.2,
4,人口性比,2,日本人人口,12000,千葉県,1901,2024年10月1日現在,女性＝100,98.0,
4,人口性比,2,日本人人口,13000,東京都,1301,2021年10月1日現在,女性＝100,96.4,
4,人口性比,2,日本人人口,13000,東京都,1701,2022年10月1日現在,女性＝100,96.3,
4,人口性比,2,日本人人口,13000,東京都,1801,2023年10月1日現在,女性＝100,96.2,
4,人口性比,2,日本人人口,13000,東京都,1901,2024年10月1日現在,女性＝100,96.1,
4,人口性比,2,日本人人口,14000,神奈川県,1301,2021年10月1日現在,女性＝100,98.6,
4,人口性比,2,日本人人口,14000,神奈川県,1701,2022年10月1日現在,女性＝100,98.4,
4,人口性比,2,日本人人口,14000,神奈川県,1801,2023年10月1日現在,女性＝100,98.3,
4,人口性比,2,日本人人口,14000,神奈川県,1901,2024年10月1日現在,女性＝100,98.2,
4,人口性比,2,日本人人口,15000,新潟県,1301,2021年10月1日現在,女性＝100,94.6,
4,人口性比,2,日本人人口,15000,新潟県,1701,2022年10月1日現在,女性＝100,94.7,
4,人口性比,2,日本人人口,15000,新潟県,1801,2023年10月1日現在,女性＝100,94.8,
4,人口性比,2,日本人人口,15000,新潟県,1901,2024年10月1日現在,女性＝100,94.9,
4,人口性比,2,日本人人口,16000,富山県,1301,2021年10月1日現在,女性＝100,94.5,
4,人口性比,2,日本人人口,16000,富山県,1701,2022年10月1日現在,女性＝100,94.6,
4,人口性比,2,日本人人口,16000,富山県,1801,2023年10月1日現在,女性＝100,94.8,
4,人口性比,2,日本人人口,16000,富山県,1901,2024年10月1日現在,女性＝100,94.8,
4,人口性比,2,日本人人口,17000,石川県,1301,2021年10月1日現在,女性＝100,94.1,
4,人口性比,2,日本人人口,17000,石川県,1701,2022年10月1日現在,女性＝100,94.1,
4,人口性比,2,日本人人口,17000,石川県,1801,2023年10月1日現在,女性＝100,94.1,
4,人口性比,2,日本人人口,17000,石川県,1901,2024年10月1日現在,女性＝100,94.1,
4,人口性比,2,日本人人口,18000,福井県,1301,2021年10月1日現在,女性＝100,95.6,
4,人口性比,2,日本人人口,18000,福井県,1701,2022年10月1日現在,女性＝100,95.8,
4,人口性比,2,日本人人口,18000,福井県,1801,2023年10月1日現在,女性＝100,95.9,
4,人口性比,2,日本人人口,18000,福井県,1901,2024年10月1日現在,女性＝100,96.0,
4,人口性比,2,日本人人口,19000,山梨県,1301,2021年10月1日現在,女性＝100,96.6,
4,人口性比,2,日本人人口,19000,山梨県,1701,2022年10月1日現在,女性＝100,96.7,
4,人口性比,2,日本人人口,19000,山梨県,1801,2023年10月1日現在,女性＝100,96.8,
4,人口性比,2,日本人人口,19000,山梨県,1901,2024年10月1日現在,女性＝100,96.8,
4,人口性比,2,日本人人口,20000,長野県,1301,2021年10月1日現在,女性＝100,95.9,
4,人口性比,2,日本人人口,20000,長野県,1701,2022年10月1日現在,女性＝100,95.9,
4,人口性比,2,日本人人口,20000,長野県,1801,2023年10月1日現在,女性＝100,96.1,
4,人口性比,2,日本人人口,20000,長野県,1901,2024年10月1日現在,女性＝100,96.1,
4,人口性比,2,日本人人口,21000,岐阜県,1301,2021年10月1日現在,女性＝100,94.3,
4,人口性比,2,日本人人口,21000,岐阜県,1701,2022年10月1日現在,女性＝100,94.3,
4,人口性比,2,日本人人口,21000,岐阜県,1801,2023年10月1日現在,女性＝100,94.3,
4,人口性比,2,日本人人口,21000,岐阜県,1901,2024年10月1日現在,女性＝100,94.2,
4,人口性比,2,日本人人口,22000,静岡県,1301,2021年10月1日現在,女性＝100,97.2,
4,人口性比,2,日本人人口,22000,静岡県,1701,2022年10月1日現在,女性＝100,97.3,
4,人口性比,2,日本人人口,22000,静岡県,1801,2023年10月1日現在,女性＝100,97.4,
4,人口性比,2,日本人人口,22000,静岡県,1901,2024年10月1日現在,女性＝100,97.3,
4,人口性比,2,日本人人口,23000,愛知県,1301,2021年10月1日現在,女性＝100,99.4,
4,人口性比,2,日本人人口,23000,愛知県,1701,2022年10月1日現在,女性＝100,99.3,
4,人口性比,2,日本人人口,23000,愛知県,1801,2023年10月1日現在,女性＝100,99.2,
4,人口性比,2,日本人人口,23000,愛知県,1901,2024年10月1日現在,女性＝100,99.2,
4,人口性比,2,日本人人口,24000,三重県,1301,2021年10月1日現在,女性＝100,95.2,
4,人口性比,2,日本人人口,24000,三重県,1701,2022年10月1日現在,女性＝100,95.3,
4,人口性比,2,日本人人口,24000,三重県,1801,2023年10月1日現在,女性＝100,95.3,
4,人口性比,2,日本人人口,24000,三重県,1901,2024年10月1日現在,女性＝100,95.2,
4,人口性比,2,日本人人口,25000,滋賀県,1301,2021年10月1日現在,女性＝100,96.9,
4,人口性比,2,日本人人口,25000,滋賀県,1701,2022年10月1日現在,女性＝100,96.9,
4,人口性比,2,日本人人口,25000,滋賀県,1801,2023年10月1日現在,女性＝100,96.9,
4,人口性比,2,日本人人口,25000,滋賀県,1901,2024年10月1日現在,女性＝100,96.9,
4,人口性比,2,日本人人口,26000,京都府,1301,2021年10月1日現在,女性＝100,91.2,
4,人口性比,2,日本人人口,26000,京都府,1701,2022年10月1日現在,女性＝100,91.1,
4,人口性比,2,日本人人口,26000,京都府,1801,2023年10月1日現在,女性＝100,91.0,
4,人口性比,2,日本人人口,26000,京都府,1901,2024年10月1日現在,女性＝100,90.9,
4,人口性比,2,日本人人口,27000,大阪府,1301,2021年10月1日現在,女性＝100,91.7,
4,人口性比,2,日本人人口,27000,大阪府,1701,2022年10月1日現在,女性＝100,91.5,
4,人口性比,2,日本人人口,27000,大阪府,1801,2023年10月1日現在,女性＝100,91.4,
4,人口性比,2,日本人人口,27000,大阪府,1901,2024年10月1日現在,女性＝100,91.2,
4,人口性比,2,日本人人口,28000,兵庫県,1301,2021年10月1日現在,女性＝100,90.5,
4,人口性比,2,日本人人口,28000,兵庫県,1701,2022年10月1日現在,女性＝100,90.4,
4,人口性比,2,日本人人口,28000,兵庫県,1801,2023年10月1日現在,女性＝100,90.3,
4,人口性比,2,日本人人口,28000,兵庫県,1901,2024年10月1日現在,女性＝100,90.2,
4,人口性比,2,日本人人口,29000,奈良県,1301,2021年10月1日現在,女性＝100,88.9,
4,人口性比,2,日本人人口,29000,奈良県,1701,2022年10月1日現在,女性＝100,88.8,
4,人口性比,2,日本人人口,29000,奈良県,1801,2023年10月1日現在,女性＝100,88.7,
4,人口性比,2,日本人人口,29000,奈良県,1901,2024年10月1日現在,女性＝100,88.6,
4,人口性比,2,日本人人口,30000,和歌山県,1301,2021年10月1日現在,女性＝100,89.4,
4,人口性比,2,日本人人口,30000,和歌山県,1701,2022年10月1日現在,女性＝100,89.3,
4,人口性比,2,日本人人口,30000,和歌山県,1801,2023年10月1日現在,女性＝100,89.3,
4,人口性比,2,日本人人口,30000,和歌山県,1901,2024年10月1日現在,女性＝100,89.3,
4,人口性比,2,日本人人口,31000,鳥取県,1301,2021年10月1日現在,女性＝100,92.0,
4,人口性比,2,日本人人口,31000,鳥取県,1701,2022年10月1日現在,女性＝100,92.0,
4,人口性比,2,日本人人口,31000,鳥取県,1801,2023年10月1日現在,女性＝100,92.2,
4,人口性比,2,日本人人口,31000,鳥取県,1901,2024年10月1日現在,女性＝100,92.2,
4,人口性比,2,日本人人口,32000,島根県,1301,2021年10月1日現在,女性＝100,93.7,
4,人口性比,2,日本人人口,32000,島根県,1701,2022年10月1日現在,女性＝100,93.8,
4,人口性比,2,日本人人口,32000,島根県,1801,2023年10月1日現在,女性＝100,93.9,
4,人口性比,2,日本人人口,32000,島根県,1901,2024年10月1日現在,女性＝100,94.0,
4,人口性比,2,日本人人口,33000,岡山県,1301,2021年10月1日現在,女性＝100,92.6,
4,人口性比,2,日本人人口,33000,岡山県,1701,2022年10月1日現在,女性＝100,92.6,
4,人口性比,2,日本人人口,33000,岡山県,1801,2023年10月1日現在,女性＝100,92.6,
4,人口性比,2,日本人人口,33000,岡山県,1901,2024年10月1日現在,女性＝100,92.5,
4,人口性比,2,日本人人口,34000,広島県,1301,2021年10月1日現在,女性＝100,93.9,
4,人口性比,2,日本人人口,34000,広島県,1701,2022年10月1日現在,女性＝100,94.0,
4,人口性比,2,日本人人口,34000,広島県,1801,2023年10月1日現在,女性＝100,93.9,
4,人口性比,2,日本人人口,34000,広島県,1901,2024年10月1日現在,女性＝100,94.0,
4,人口性比,2,日本人人口,35000,山口県,1301,2021年10月1日現在,女性＝100,90.4,
4,人口性比,2,日本人人口,35000,山口県,1701,2022年10月1日現在,女性＝100,90.5,
4,人口性比,2,日本人人口,35000,山口県,1801,2023年10月1日現在,女性＝100,90.6,
4,人口性比,2,日本人人口,35000,山口県,1901,2024年10月1日現在,女性＝100,90.7,
4,人口性比,2,日本人人口,36000,徳島県,1301,2021年10月1日現在,女性＝100,91.7,
4,人口性比,2,日本人人口,36000,徳島県,1701,2022年10月1日現在,女性＝100,91.8,
4,人口性比,2,日本人人口,36000,徳島県,1801,2023年10月1日現在,女性＝100,91.9,
4,人口性比,2,日本人人口,36000,徳島県,1901,2024年10月1日現在,女性＝100,92.0,
4,人口性比,2,日本人人口,37000,香川県,1301,2021年10月1日現在,女性＝100,93.3,
4,人口性比,2,日本人人口,37000,香川県,1701,2022年10月1日現在,女性＝100,93.4,
4,人口性比,2,日本人人口,37000,香川県,1801,2023年10月1日現在,女性＝100,93.4,
4,人口性比,2,日本人人口,37000,香川県,1901,2024年10月1日現在,女性＝100,93.4,
4,人口性比,2,日本人人口,38000,愛媛県,1301,2021年10月1日現在,女性＝100,90.2,
4,人口性比,2,日本人人口,38000,愛媛県,1701,2022年10月1日現在,女性＝100,90.2,
4,人口性比,2,日本人人口,38000,愛媛県,1801,2023年10月1日現在,女性＝100,90.3,
4,人口性比,2,日本人人口,38000,愛媛県,1901,2024年10月1日現在,女性＝100,90.3,
4,人口性比,2,日本人人口,39000,高知県,1301,2021年10月1日現在,女性＝100,89.4,
4,人口性比,2,日本人人口,39000,高知県,1701,2022年10月1日現在,女性＝100,89.5,
4,人口性比,2,日本人人口,39000,高知県,1801,2023年10月1日現在,女性＝100,89.7,
4,人口性比,2,日本人人口,39000,高知県,1901,2024年10月1日現在,女性＝100,89.8,
4,人口性比,2,日本人人口,40000,福岡県,1301,2021年10月1日現在,女性＝100,89.6,
4,人口性比,2,日本人人口,40000,福岡県,1701,2022年10月1日現在,女性＝100,89.6,
4,人口性比,2,日本人人口,40000,福岡県,1801,2023年10月1日現在,女性＝100,89.7,
4,人口性比,2,日本人人口,40000,福岡県,1901,2024年10月1日現在,女性＝100,89.7,
4,人口性比,2,日本人人口,41000,佐賀県,1301,2021年10月1日現在,女性＝100,90.3,
4,人口性比,2,日本人人口,41000,佐賀県,1701,2022年10月1日現在,女性＝100,90.4,
4,人口性比,2,日本人人口,41000,佐賀県,1801,2023年10月1日現在,女性＝100,90.5,
4,人口性比,2,日本人人口,41000,佐賀県,1901,2024年10月1日現在,女性＝100,90.6,
4,人口性比,2,日本人人口,42000,長崎県,1301,2021年10月1日現在,女性＝100,88.8,
4,人口性比,2,日本人人口,42000,長崎県,1701,2022年10月1日現在,女性＝100,88.9,
4,人口性比,2,日本人人口,42000,長崎県,1801,2023年10月1日現在,女性＝100,89.1,
4,人口性比,2,日本人人口,42000,長崎県,1901,2024年10月1日現在,女性＝100,89.3,
4,人口性比,2,日本人人口,43000,熊本県,1301,2021年10月1日現在,女性＝100,90.0,
4,人口性比,2,日本人人口,43000,熊本県,1701,2022年10月1日現在,女性＝100,90.2,
4,人口性比,2,日本人人口,43000,熊本県,1801,2023年10月1日現在,女性＝100,90.3,
4,人口性比,2,日本人人口,43000,熊本県,1901,2024年10月1日現在,女性＝100,90.5,
4,人口性比,2,日本人人口,44000,大分県,1301,2021年10月1日現在,女性＝100,90.4,
4,人口性比,2,日本人人口,44000,大分県,1701,2022年10月1日現在,女性＝100,90.6,
4,人口性比,2,日本人人口,44000,大分県,1801,2023年10月1日現在,女性＝100,90.6,
4,人口性比,2,日本人人口,44000,大分県,1901,2024年10月1日現在,女性＝100,90.7,
4,人口性比,2,日本人人口,45000,宮崎県,1301,2021年10月1日現在,女性＝100,89.6,
4,人口性比,2,日本人人口,45000,宮崎県,1701,2022年10月1日現在,女性＝100,89.7,
4,人口性比,2,日本人人口,45000,宮崎県,1801,2023年10月1日現在,女性＝100,89.7,
4,人口性比,2,日本人人口,45000,宮崎県,1901,2024年10月1日現在,女性＝100,89.8,
4,人口性比,2,日本人人口,46000,鹿児島県,1301,2021年10月1日現在,女性＝100,89.5,
4,人口性比,2,日本人人口,46000,鹿児島県,1701,2022年10月1日現在,女性＝100,89.7,
4,人口性比,2,日本人人口,46000,鹿児島県,1801,2023年10月1日現在,女性＝100,89.9,
4,人口性比,2,日本人人口,46000,鹿児島県,1901,2024年10月1日現在,女性＝100,90.0,
4,人口性比,2,日本人人口,47000,沖縄県,1301,2021年10月1日現在,女性＝100,96.6,
4,人口性比,2,日本人人口,47000,沖縄県,1701,2022年10月1日現在,女性＝100,96.5,
4,人口性比,2,日本人人口,47000,沖縄県,1801,2023年10月1日現在,女性＝100,96.5,
4,人口性比,2,日本人人口,47000,沖縄県,1901,2024年10月1日現在,女性＝100,96.4,
